Metric Name,Achieved Occupancy,Registers Per Thread,Threads,dram__bytes.sum,gpu__compute_memory_throughput.avg.pct_of_peak_sustained_elapsed,l1tex__data_bank_conflicts_pipe_lsu_mem_shared.sum,l1tex__data_pipe_lsu_wavefronts_mem_shared.sum,l1tex__data_pipe_lsu_wavefronts_mem_shared.sum.pct_of_peak_sustained_elapsed,l1tex__t_bytes.sum,l1tex__throughput.avg.pct_of_peak_sustained_elapsed,lts__t_bytes.sum,lts__throughput.avg.pct_of_peak_sustained_elapsed,sm__cycles_elapsed.avg,sm__cycles_elapsed.avg.per_second,sm__inst_executed_pipe_tensor.sum,sm__sass_thread_inst_executed_op_dadd_pred_on.sum,sm__sass_thread_inst_executed_op_dfma_pred_on.sum,sm__sass_thread_inst_executed_op_dmul_pred_on.sum,sm__sass_thread_inst_executed_op_fadd_pred_on.sum,sm__sass_thread_inst_executed_op_ffma_pred_on.sum,sm__sass_thread_inst_executed_op_fmul_pred_on.sum,sm__sass_thread_inst_executed_op_hadd_pred_on.sum,sm__sass_thread_inst_executed_op_hfma_pred_on.sum,sm__sass_thread_inst_executed_op_hmul_pred_on.sum,sm__throughput.avg.pct_of_peak_sustained_elapsed
0,24.97,26.0,2048.0,1374592.0,2.61,0.0,516.0,0.02,1050624.0,0.51,2579232.0,2.41,29772.3,1137389070.0,256.0,0.0,0.0,0.0,278528.0,0.0,64.0,0.0,8192.0,0.0,0.25
1,7.97,38.0,262144.0,1673344.0,2.68,0.0,8320.0,0.08,8392704.0,2.68,2144000.0,0.81,93586.83,1149150703.99,0.0,0.0,0.0,0.0,262144.0,2560.0,0.0,0.0,0.0,0.0,2.01
2,11.16,38.0,262144.0,1496704.0,1.53,0.0,12608.0,0.14,8928832.0,1.53,2270624.0,0.92,81309.59,1167704397.3,0.0,0.0,0.0,0.0,278784.0,5760.0,0.0,0.0,0.0,0.0,2.25
3,16.88,38.0,262144.0,1412864.0,4.17,0.0,8448.0,0.25,8396800.0,4.17,2065920.0,2.1,31058.91,1149989166.45,0.0,0.0,0.0,0.0,262144.0,10240.0,0.0,0.0,0.0,0.0,4.21
4,19.72,38.0,262144.0,1522816.0,2.9,0.0,12864.0,0.4,9485312.0,2.82,1832864.0,2.37,29718.96,1166730643.96,0.0,0.0,0.0,0.0,295936.0,16000.0,0.0,0.0,0.0,0.0,5.45
5,22.77,38.0,262144.0,1480704.0,5.3,0.0,8576.0,0.33,9488288.0,5.3,1844192.0,2.6,24395.31,1181943547.23,0.0,0.0,0.0,0.0,295936.0,23040.0,0.0,0.0,0.0,0.0,6.88
6,26.18,38.0,262144.0,1582592.0,4.26,0.0,13120.0,0.58,10060224.0,3.11,1850400.0,3.54,21076.67,1228816853.23,0.0,0.0,0.0,0.0,313600.0,31360.0,0.0,0.0,0.0,0.0,7.09
7,31.3,38.0,262144.0,1543808.0,5.79,0.0,8704.0,0.53,8404992.0,4.58,1839616.0,4.27,15118.67,1196097046.41,0.0,0.0,0.0,0.0,262144.0,40960.0,0.0,0.0,0.0,0.0,7.51
8,30.24,38.0,262144.0,1521152.0,8.38,0.0,9216.0,0.83,4259840.0,3.88,1958048.0,7.96,10292.76,1218366389.59,0.0,0.0,0.0,0.0,262144.0,163840.0,0.0,0.0,0.0,0.0,12.74
9,36.26,38.0,262144.0,1452416.0,9.77,0.0,14336.0,1.59,2359296.0,3.67,2234304.0,9.33,8372.56,1132650913.9,0.0,0.0,0.0,0.0,262144.0,655360.0,0.0,0.0,0.0,0.0,21.53
10,24.71,26.0,32768.0,3514752.0,16.1,0.0,17728.0,1.33,2452160.0,3.25,4289024.0,12.44,12363.26,1174321738.15,3184.0,0.0,0.0,0.0,895040.0,0.0,64.0,0.0,100448.0,0.0,5.34
11,6.86,38.0,262144.0,3433728.0,1.28,0.0,8320.0,0.03,19333696.0,1.28,3946112.0,0.73,239549.63,1160248903.58,0.0,0.0,0.0,0.0,614656.0,2560.0,0.0,0.0,0.0,0.0,1.63
12,10.34,38.0,262144.0,3366656.0,4.52,0.0,8384.0,0.06,20066688.0,4.52,3937760.0,1.4,130322.7,1169946708.06,0.0,0.0,0.0,0.0,627264.0,5760.0,0.0,0.0,0.0,0.0,2.29
13,13.77,38.0,262144.0,3342848.0,2.25,0.0,8448.0,0.09,20414368.0,2.1,3919456.0,1.94,84275.28,1169969982.48,0.0,0.0,0.0,0.0,640000.0,10240.0,0.0,0.0,0.0,0.0,3.04
14,16.55,38.0,262144.0,3352704.0,2.05,0.0,8512.0,0.08,20831200.0,2.05,3947520.0,1.55,95976.59,1169761512.68,0.0,0.0,0.0,0.0,652864.0,16000.0,0.0,0.0,0.0,0.0,2.54
15,20.54,38.0,262144.0,3344896.0,6.9,0.0,8576.0,0.17,21292640.0,6.9,3935904.0,3.2,47108.87,1166523137.14,0.0,0.0,0.0,0.0,665856.0,23040.0,0.0,0.0,0.0,0.0,4.57
16,23.33,38.0,262144.0,3346304.0,4.13,0.0,8640.0,0.17,21666432.0,3.14,3963424.0,3.33,45947.02,1179822784.47,0.0,0.0,0.0,0.0,678976.0,31360.0,0.0,0.0,0.0,0.0,5.1
17,26.35,38.0,262144.0,4042368.0,6.22,0.0,8704.0,0.22,22091360.0,3.05,3933440.0,4.08,36803.63,1219632477.12,0.0,0.0,0.0,0.0,692224.0,40960.0,0.0,0.0,0.0,0.0,5.62
18,26.12,38.0,262144.0,2408832.0,9.0,0.0,9216.0,0.56,19704768.0,4.68,4140256.0,9.66,15121.39,1111866830.07,0.0,0.0,0.0,0.0,802816.0,163840.0,0.0,0.0,0.0,0.0,14.96
19,31.35,38.0,262144.0,3676800.0,17.41,0.0,10240.0,0.8,13462336.0,4.62,4576000.0,13.12,11892.94,1242991685.25,0.0,0.0,0.0,0.0,1048576.0,655360.0,0.0,0.0,0.0,0.0,20.81
20,24.97,26.0,4096.0,3028096.0,5.67,0.0,1032.0,0.03,2101248.0,1.0,4715712.0,4.39,30249.33,1184576023.39,512.0,0.0,0.0,0.0,557056.0,0.0,128.0,0.0,16384.0,0.0,0.49
21,7.26,38.0,262144.0,2994688.0,5.2,0.0,8448.0,0.08,16785408.0,5.2,4171104.0,1.74,94973.89,1147249334.28,0.0,0.0,0.0,0.0,524288.0,5120.0,0.0,0.0,0.0,0.0,3.8
22,10.14,38.0,262144.0,2097280.0,2.96,0.0,17024.0,0.19,17857600.0,2.96,3938336.0,1.54,81406.52,1115769168.29,0.0,0.0,0.0,0.0,557568.0,11520.0,0.0,0.0,0.0,0.0,4.31
23,14.82,38.0,262144.0,2952448.0,7.8,0.0,8704.0,0.25,16793600.0,7.8,4498752.0,4.16,32223.87,1153489059.65,0.0,0.0,0.0,0.0,524288.0,20480.0,0.0,0.0,0.0,0.0,7.67
24,17.7,38.0,262144.0,2899712.0,5.03,0.0,17536.0,0.5,18970528.0,4.9,4873120.0,4.4,32651.2,1223441385.78,0.0,0.0,0.0,0.0,591872.0,32000.0,0.0,0.0,0.0,0.0,9.49
25,20.54,38.0,262144.0,3114368.0,9.71,0.0,8960.0,0.32,18976832.0,9.71,4442336.0,5.21,25840.13,1201642932.93,0.0,0.0,0.0,0.0,591872.0,46080.0,0.0,0.0,0.0,0.0,12.44
26,24.07,38.0,262144.0,2936704.0,8.04,0.0,18048.0,0.81,20120736.0,5.96,4338784.0,6.49,20681.63,1082581115.45,0.0,0.0,0.0,0.0,627200.0,62720.0,0.0,0.0,0.0,0.0,13.76
27,27.65,38.0,262144.0,2896768.0,10.13,0.0,9216.0,0.53,16809984.0,8.08,4413280.0,9.05,16198.89,1213945510.26,0.0,0.0,0.0,0.0,524288.0,81920.0,0.0,0.0,0.0,0.0,13.14
28,32.81,38.0,262144.0,2591232.0,13.29,0.0,10240.0,0.86,8519680.0,6.57,4877536.0,13.13,11015.65,1092822236.92,0.0,0.0,0.0,0.0,524288.0,327680.0,0.0,0.0,0.0,0.0,22.51
29,55.32,38.0,262144.0,3103616.0,16.91,0.0,20480.0,1.84,4718592.0,5.27,5568864.0,16.38,10330.7,1157112870.04,0.0,0.0,0.0,0.0,524288.0,1310720.0,0.0,0.0,0.0,0.0,33.38
30,29.37,26.0,65536.0,5997824.0,24.77,0.0,35456.0,2.4,4910528.0,5.87,10446336.0,22.53,13682.33,1090747236.39,6368.0,0.0,0.0,0.0,1790080.0,0.0,128.0,0.0,200896.0,0.0,9.64
31,6.52,38.0,262144.0,7355008.0,2.49,0.0,8448.0,0.03,38667360.0,2.49,9453184.0,1.44,244224.19,1145430855.03,0.0,0.0,0.0,0.0,1229312.0,5120.0,0.0,0.0,0.0,0.0,3.14
32,9.75,38.0,262144.0,4947712.0,9.02,0.0,8576.0,0.06,40133536.0,9.02,11026144.0,2.72,129670.59,1160093334.82,0.0,0.0,0.0,0.0,1254528.0,11520.0,0.0,0.0,0.0,0.0,4.49
33,12.97,38.0,262144.0,6710272.0,4.43,0.0,8704.0,0.09,40828960.0,4.03,9769152.0,4.01,85878.72,1152301446.73,0.0,0.0,0.0,0.0,1280000.0,20480.0,0.0,0.0,0.0,0.0,5.79
34,15.81,38.0,262144.0,6621184.0,3.99,0.0,8832.0,0.08,41662944.0,3.99,10754368.0,3.44,96486.46,1130559417.92,0.0,0.0,0.0,0.0,1305728.0,32000.0,0.0,0.0,0.0,0.0,4.91
35,19.35,38.0,262144.0,7712512.0,13.22,0.0,8960.0,0.17,42584224.0,13.22,9674368.0,6.59,48601.85,1105391463.15,0.0,0.0,0.0,0.0,1331712.0,46080.0,0.0,0.0,0.0,0.0,8.56
36,22.28,38.0,262144.0,6740480.0,8.07,0.0,9088.0,0.18,43333824.0,5.94,9982368.0,7.04,47315.57,1118465726.03,0.0,0.0,0.0,0.0,1357952.0,62720.0,0.0,0.0,0.0,0.0,9.6
37,25.31,38.0,262144.0,7325056.0,11.21,0.0,9216.0,0.23,44182848.0,5.86,10043904.0,8.62,37017.48,1218963431.29,0.0,0.0,0.0,0.0,1384448.0,81920.0,0.0,0.0,0.0,0.0,10.83
38,29.32,38.0,262144.0,5075456.0,16.06,0.0,10240.0,0.53,39408864.0,7.51,11582560.0,18.34,17832.26,1116749703.11,0.0,0.0,0.0,0.0,1605632.0,327680.0,0.0,0.0,0.0,0.0,24.65
39,53.48,38.0,262144.0,6674176.0,27.87,0.0,12288.0,0.85,26927552.0,7.68,11876256.0,25.92,13454.69,1089271792.84,0.0,0.0,0.0,0.0,2097152.0,1310720.0,0.0,0.0,0.0,0.0,35.66
40,24.97,26.0,8192.0,5891456.0,10.28,0.0,2064.0,0.06,4202496.0,1.87,9285056.0,8.12,32471.87,1262121827.21,1024.0,0.0,0.0,0.0,1114112.0,0.0,256.0,0.0,32768.0,0.0,0.92
41,7.92,38.0,262144.0,4341504.0,9.94,0.0,8704.0,0.08,33570816.0,9.94,8445696.0,3.09,98559.69,1137367120.4,0.0,0.0,0.0,0.0,1048576.0,10240.0,0.0,0.0,0.0,0.0,7.18
42,11.57,38.0,262144.0,4367360.0,5.39,0.0,25856.0,0.27,35715296.0,5.39,8784224.0,3.26,88069.94,1129333510.01,0.0,0.0,0.0,0.0,1115136.0,23040.0,0.0,0.0,0.0,0.0,7.82
43,16.32,38.0,262144.0,6842624.0,14.6,0.0,9216.0,0.25,33587200.0,14.6,8836160.0,7.74,33899.43,1186290100.99,0.0,0.0,0.0,0.0,1048576.0,40960.0,0.0,0.0,0.0,0.0,14.16
44,19.58,38.0,262144.0,6523776.0,10.25,0.0,26880.0,0.69,37941088.0,8.67,8695264.0,7.88,36063.43,1180085926.9,0.0,0.0,0.0,0.0,1183744.0,64000.0,0.0,0.0,0.0,0.0,16.79
45,23.18,38.0,262144.0,4586880.0,17.61,0.0,9728.0,0.32,37953664.0,17.61,8592960.0,10.37,28061.94,1153862847.22,0.0,0.0,0.0,0.0,1183744.0,92160.0,0.0,0.0,0.0,0.0,22.4
46,27.17,38.0,262144.0,5123968.0,11.82,0.0,27904.0,1.05,40240640.0,9.74,9875488.0,11.03,24561.19,1214457337.08,0.0,0.0,0.0,0.0,1254400.0,125440.0,0.0,0.0,0.0,0.0,22.59
47,30.85,38.0,262144.0,5182720.0,17.5,0.0,10240.0,0.57,33619968.0,15.18,9067968.0,15.82,16756.37,1111754934.34,0.0,0.0,0.0,0.0,1048576.0,163840.0,0.0,0.0,0.0,0.0,24.54
48,56.31,38.0,262144.0,5429888.0,22.83,0.0,12288.0,0.85,17039360.0,10.27,9615424.0,20.54,13407.85,1132419919.92,0.0,0.0,0.0,0.0,1048576.0,655360.0,0.0,0.0,0.0,0.0,35.83
49,57.5,38.0,262144.0,5731968.0,22.28,0.0,32768.0,2.1,9437184.0,7.05,11006112.0,23.45,14439.98,1163013972.41,0.0,0.0,0.0,0.0,1048576.0,2621440.0,0.0,0.0,0.0,0.0,46.34
50,57.07,26.0,131072.0,12611968.0,39.6,297.0,71209.0,3.68,9817984.0,8.98,21331040.0,34.18,17937.11,1197723765.43,12736.0,0.0,0.0,0.0,3580160.0,0.0,256.0,0.0,401792.0,0.0,14.6
51,7.53,38.0,262144.0,13430400.0,4.64,0.0,8704.0,0.03,77334816.0,4.64,19502720.0,2.74,260278.65,1127333022.12,0.0,0.0,0.0,0.0,2458624.0,10240.0,0.0,0.0,0.0,0.0,5.84
52,11.28,38.0,262144.0,9678208.0,16.87,0.0,8960.0,0.06,80267136.0,16.87,21342176.0,5.02,138227.8,1139139935.19,0.0,0.0,0.0,0.0,2509056.0,23040.0,0.0,0.0,0.0,0.0,8.32
53,14.92,38.0,262144.0,14228352.0,8.8,0.0,9216.0,0.09,81657760.0,7.48,20098400.0,7.47,91577.7,1145179368.04,0.0,0.0,0.0,0.0,2560000.0,40960.0,0.0,0.0,0.0,0.0,10.71
54,18.51,38.0,262144.0,14368768.0,7.45,0.0,9472.0,0.08,83324384.0,6.98,21935168.0,6.04,109272.83,1223057321.51,0.0,0.0,0.0,0.0,2611456.0,64000.0,0.0,0.0,0.0,0.0,8.54
55,22.48,38.0,262144.0,13491072.0,23.45,0.0,9728.0,0.17,85170304.0,23.45,18026080.0,11.76,54468.13,1178759730.56,0.0,0.0,0.0,0.0,2663424.0,92160.0,0.0,0.0,0.0,0.0,15.01
56,26.03,38.0,262144.0,13519488.0,14.63,0.0,9984.0,0.18,86667584.0,10.6,21927584.0,12.56,52336.2,1231555998.3,0.0,0.0,0.0,0.0,2715904.0,125440.0,0.0,0.0,0.0,0.0,17.09
57,29.4,38.0,262144.0,10841472.0,15.54,0.0,10240.0,0.24,88365856.0,10.78,19744384.0,15.94,39502.41,1076242573.22,0.0,0.0,0.0,0.0,2768896.0,163840.0,0.0,0.0,0.0,0.0,19.93
58,53.39,38.0,262144.0,12901632.0,31.87,0.0,12288.0,0.5,78822976.0,11.46,23539904.0,27.3,22731.65,1143903389.1,0.0,0.0,0.0,0.0,3211264.0,655360.0,0.0,0.0,0.0,0.0,37.98
59,55.65,38.0,262144.0,13856384.0,36.56,0.0,16384.0,0.72,53853504.0,9.41,23675264.0,32.09,21192.06,1126278462.77,0.0,0.0,0.0,0.0,4194304.0,2621440.0,0.0,0.0,0.0,0.0,44.27
60,24.97,26.0,16384.0,10681600.0,18.3,0.0,4128.0,0.12,8404992.0,3.67,18161984.0,16.93,33090.09,1201005102.81,2048.0,0.0,0.0,0.0,2228224.0,0.0,512.0,0.0,65536.0,0.0,1.8
61,15.16,38.0,262144.0,12126592.0,18.9,0.0,9216.0,0.08,67141152.0,18.9,19408320.0,5.93,103249.44,1182317749.68,0.0,0.0,0.0,0.0,2097152.0,20480.0,0.0,0.0,0.0,0.0,13.58
62,22.22,38.0,262144.0,10804864.0,10.12,0.0,43520.0,0.43,71431456.0,10.12,17428320.0,6.12,93097.43,1139112983.63,0.0,0.0,0.0,0.0,2230272.0,46080.0,0.0,0.0,0.0,0.0,14.65
63,30.54,38.0,262144.0,11637376.0,27.23,0.0,10240.0,0.26,67174656.0,27.23,17412928.0,14.74,36075.5,1145690421.75,0.0,0.0,0.0,0.0,2097152.0,81920.0,0.0,0.0,0.0,0.0,26.23
64,37.22,38.0,262144.0,8447104.0,16.99,0.0,45568.0,1.16,75884992.0,16.99,17600896.0,14.71,36341.09,1098316386.38,0.0,0.0,0.0,0.0,2367488.0,128000.0,0.0,0.0,0.0,0.0,32.92
65,43.35,38.0,262144.0,9326592.0,30.03,0.0,11264.0,0.32,75908224.0,30.03,17727584.0,16.19,32660.44,1125290946.96,0.0,0.0,0.0,0.0,2367488.0,184320.0,0.0,0.0,0.0,0.0,38.04
66,50.21,38.0,262144.0,10989696.0,21.64,0.0,47616.0,1.54,80483616.0,16.41,18364512.0,18.92,28689.46,1147945861.19,0.0,0.0,0.0,0.0,2508800.0,250880.0,0.0,0.0,0.0,0.0,38.15
67,55.13,38.0,262144.0,10131968.0,27.33,0.0,12288.0,0.55,67239936.0,24.09,18282784.0,26.04,20826.93,1170578120.84,0.0,0.0,0.0,0.0,2097152.0,327680.0,0.0,0.0,0.0,0.0,38.73
68,58.26,38.0,262144.0,11201280.0,31.05,0.0,16384.0,0.75,34078720.0,13.29,18448064.0,27.65,20240.98,1103892969.1,0.0,0.0,0.0,0.0,2097152.0,1310720.0,0.0,0.0,0.0,0.0,46.45
69,59.07,38.0,262144.0,11706624.0,28.49,0.0,49152.0,1.98,18874368.0,8.16,22523456.0,28.83,22990.13,1110419707.77,0.0,0.0,0.0,0.0,2097152.0,5242880.0,0.0,0.0,0.0,0.0,55.41
70,88.94,26.0,262144.0,27899264.0,52.67,1515.0,143824.0,4.46,19651488.0,10.83,44018496.0,39.51,29868.56,1257941187.48,25472.0,0.0,0.0,0.0,7160320.0,0.0,512.0,0.0,803584.0,0.0,17.24
71,14.79,38.0,262144.0,32575872.0,8.54,0.0,9216.0,0.03,154649664.0,8.54,39317408.0,5.05,282018.3,1165441914.74,0.0,0.0,0.0,0.0,4917248.0,20480.0,0.0,0.0,0.0,0.0,10.72
72,22.06,38.0,262144.0,19269760.0,33.08,0.0,9728.0,0.06,160539648.0,33.08,29951552.0,8.61,140771.11,1153407766.71,0.0,0.0,0.0,0.0,5018112.0,46080.0,0.0,0.0,0.0,0.0,16.24
73,29.25,38.0,262144.0,19269760.0,15.48,0.0,10240.0,0.11,163308832.0,15.48,30002336.0,13.17,88300.35,1142602896.63,0.0,0.0,0.0,0.0,5120000.0,81920.0,0.0,0.0,0.0,0.0,22.04
74,36.41,38.0,262144.0,22167040.0,13.94,0.0,10752.0,0.09,166652768.0,13.94,31194944.0,10.32,109595.83,1092811037.55,0.0,0.0,0.0,0.0,5222912.0,128000.0,0.0,0.0,0.0,0.0,16.89
75,43.99,38.0,262144.0,19290496.0,46.63,0.0,11264.0,0.19,170330848.0,46.63,30382048.0,19.49,54664.35,1122379103.4,0.0,0.0,0.0,0.0,5326848.0,184320.0,0.0,0.0,0.0,0.0,29.61
76,50.83,38.0,262144.0,29727360.0,27.89,0.0,11776.0,0.18,173316800.0,18.51,33159040.0,18.22,60159.02,1123040220.25,0.0,0.0,0.0,0.0,5431808.0,250880.0,0.0,0.0,0.0,0.0,29.45
77,57.12,38.0,262144.0,19270016.0,25.83,0.0,12288.0,0.27,176719296.0,20.38,32784896.0,24.73,41884.28,990078427.05,0.0,0.0,0.0,0.0,5537792.0,327680.0,0.0,0.0,0.0,0.0,37.17
78,56.11,38.0,262144.0,19269760.0,32.85,0.0,16384.0,0.46,157628992.0,15.73,30734400.0,32.04,32752.46,1114939507.18,0.0,0.0,0.0,0.0,6422528.0,1310720.0,0.0,0.0,0.0,0.0,52.0
79,56.3,38.0,262144.0,19270528.0,34.22,0.0,16384.0,0.49,107703872.0,12.29,33925344.0,36.38,31257.06,1095048190.71,0.0,0.0,0.0,0.0,8388608.0,5242880.0,0.0,0.0,0.0,0.0,57.89
80,24.97,26.0,32768.0,16777472.0,31.41,0.0,8256.0,0.25,16809984.0,8.05,25992896.0,28.17,30159.69,1120677957.24,4096.0,0.0,0.0,0.0,4456448.0,0.0,1024.0,0.0,131072.0,0.0,3.96
81,19.98,38.0,262144.0,16777344.0,19.34,0.0,10240.0,0.05,134283328.0,19.34,25942080.0,5.24,201456.07,1183142701.53,0.0,0.0,0.0,0.0,4194304.0,40960.0,0.0,0.0,0.0,0.0,13.83
82,30.64,38.0,262144.0,16777344.0,10.87,0.0,78848.0,0.42,142854528.0,10.87,26064320.0,5.65,172811.87,1180408950.62,0.0,0.0,0.0,0.0,4460544.0,92160.0,0.0,0.0,0.0,0.0,15.68
83,34.87,38.0,262144.0,16777344.0,29.7,0.0,12288.0,0.17,134348320.0,29.7,26019584.0,13.39,65913.67,1161760904.31,0.0,0.0,0.0,0.0,4194304.0,163840.0,0.0,0.0,0.0,0.0,28.41
84,42.47,38.0,262144.0,16777344.0,17.63,0.0,82944.0,1.1,151760256.0,17.63,26244000.0,12.81,69619.48,1167798602.41,0.0,0.0,0.0,0.0,4734976.0,256000.0,0.0,0.0,0.0,0.0,34.07
85,46.61,38.0,262144.0,16777344.0,35.4,0.0,14336.0,0.24,151813088.0,35.4,26323040.0,16.18,55258.07,1099181931.77,0.0,0.0,0.0,0.0,4734976.0,368640.0,0.0,0.0,0.0,0.0,44.57
86,51.32,38.0,262144.0,16777600.0,20.9,0.0,87040.0,1.79,160963072.0,20.73,26484928.0,19.87,45119.67,1125290968.34,0.0,0.0,0.0,0.0,5017600.0,501760.0,0.0,0.0,0.0,0.0,48.01
87,58.44,38.0,262144.0,16777344.0,34.41,0.0,16384.0,0.52,134479872.0,34.41,26265568.0,30.16,29021.81,1123831118.91,0.0,0.0,0.0,0.0,4194304.0,655360.0,0.0,0.0,0.0,0.0,54.77
88,59.18,38.0,262144.0,16777344.0,30.06,0.0,16384.0,0.49,68157440.0,16.8,27473376.0,29.67,31161.65,1128391083.0,0.0,0.0,0.0,0.0,4194304.0,2621440.0,0.0,0.0,0.0,0.0,58.19
89,59.07,38.0,262144.0,16777728.0,23.04,0.0,81920.0,1.86,37747712.0,8.84,32386976.0,26.95,40675.43,1131885182.71,0.0,0.0,0.0,0.0,4194304.0,10485760.0,0.0,0.0,0.0,0.0,60.99
90,88.41,26.0,524288.0,38541184.0,59.75,3754.0,290378.0,7.46,39298336.0,18.06,64515072.0,54.62,36046.17,1018483461.42,50944.0,0.0,0.0,0.0,14320640.0,0.0,1024.0,0.0,1607168.0,0.0,27.63
91,20.57,38.0,262144.0,38559104.0,9.2,0.0,10240.0,0.02,309258400.0,9.2,64852928.0,4.81,522746.63,1132937941.32,0.0,0.0,0.0,0.0,9834496.0,40960.0,0.0,0.0,0.0,0.0,11.54
92,29.31,38.0,262144.0,38567168.0,32.92,0.0,11264.0,0.04,321053984.0,32.92,65162272.0,8.85,282736.72,1136840268.84,0.0,0.0,0.0,0.0,10036224.0,92160.0,0.0,0.0,0.0,0.0,16.11
93,35.79,38.0,262144.0,38586112.0,15.95,0.0,12288.0,0.07,326558944.0,15.95,65580000.0,14.05,171398.59,1119842362.22,0.0,0.0,0.0,0.0,10240000.0,163840.0,0.0,0.0,0.0,0.0,22.61
94,46.31,38.0,262144.0,38582016.0,15.15,0.0,13312.0,0.06,333291008.0,15.15,66131168.0,11.5,202557.2,1129937989.24,0.0,0.0,0.0,0.0,10445824.0,256000.0,0.0,0.0,0.0,0.0,18.19
95,47.62,38.0,262144.0,38593792.0,48.7,0.0,14336.0,0.13,340590112.0,48.7,67180448.0,21.26,104645.94,1119926631.47,0.0,0.0,0.0,0.0,10653696.0,368640.0,0.0,0.0,0.0,0.0,30.76
96,53.75,38.0,262144.0,38601728.0,22.74,0.0,15360.0,0.14,346556032.0,22.74,66629312.0,22.43,98396.52,1111272570.91,0.0,0.0,0.0,0.0,10863616.0,501760.0,0.0,0.0,0.0,0.0,35.82
97,59.08,38.0,262144.0,38618240.0,29.33,0.0,16384.0,0.2,353377696.0,23.09,66737856.0,29.48,74098.17,1093280315.55,0.0,0.0,0.0,0.0,11075584.0,655360.0,0.0,0.0,0.0,0.0,41.77
98,56.68,38.0,262144.0,38653440.0,36.12,0.0,16384.0,0.25,315244192.0,16.91,66444704.0,36.38,60000.06,1124776086.45,0.0,0.0,0.0,0.0,12845056.0,2621440.0,0.0,0.0,0.0,0.0,55.76
99,56.71,38.0,262144.0,39731200.0,38.23,0.0,16384.0,0.26,215379904.0,12.89,73609664.0,40.14,58088.13,1126787120.38,0.0,0.0,0.0,0.0,16777216.0,10485760.0,0.0,0.0,0.0,0.0,61.25
100,29.73,26.0,65536.0,33557120.0,54.29,0.0,16512.0,0.44,33619968.0,13.98,54611232.0,48.85,34713.22,1044069484.55,8192.0,0.0,0.0,0.0,8912896.0,0.0,2048.0,0.0,262144.0,0.0,6.87
101,26.77,38.0,524288.0,33556352.0,26.34,0.0,20480.0,0.06,268567264.0,26.34,54428672.0,7.25,295823.69,1137643386.91,0.0,0.0,0.0,0.0,8388608.0,81920.0,0.0,0.0,0.0,0.0,18.82
102,39.8,38.0,524288.0,33555584.0,14.64,0.0,157696.0,0.57,285755232.0,14.64,55069984.0,7.72,257532.41,1168901631.3,0.0,0.0,0.0,0.0,8921088.0,184320.0,0.0,0.0,0.0,0.0,21.02
103,40.92,38.0,524288.0,33581184.0,39.47,0.0,24576.0,0.23,268695776.0,39.47,54628736.0,18.17,99206.44,1133528844.2,0.0,0.0,0.0,0.0,8388608.0,327680.0,0.0,0.0,0.0,0.0,37.69
104,48.88,38.0,524288.0,33573888.0,23.03,0.0,165888.0,1.44,303498496.0,23.03,55079104.0,17.05,106744.07,1154639084.39,0.0,0.0,0.0,0.0,9469952.0,512000.0,0.0,0.0,0.0,0.0,44.38
105,55.77,38.0,524288.0,33597824.0,45.11,0.0,28672.0,0.31,303625728.0,45.11,55204896.0,20.99,86807.35,1128423354.98,0.0,0.0,0.0,0.0,9469952.0,737280.0,0.0,0.0,0.0,0.0,56.66
106,56.68,38.0,524288.0,33557120.0,22.71,0.0,174080.0,1.94,321927776.0,22.5,55601728.0,22.01,83277.91,1110253671.71,0.0,0.0,0.0,0.0,10035200.0,1003520.0,0.0,0.0,0.0,0.0,51.93
107,63.07,38.0,524288.0,33630464.0,38.95,0.0,32768.0,0.59,268959744.0,38.95,55265280.0,34.78,51373.63,1107190293.74,0.0,0.0,0.0,0.0,8388608.0,1310720.0,0.0,0.0,0.0,0.0,61.72
108,64.33,38.0,524288.0,33783168.0,34.59,0.0,32768.0,0.55,136314944.0,19.16,58568320.0,34.71,54714.52,1113894920.98,0.0,0.0,0.0,0.0,8388608.0,5242880.0,0.0,0.0,0.0,0.0,66.13
109,65.05,38.0,524288.0,36168448.0,28.63,0.0,163840.0,2.14,75497984.0,10.11,71178464.0,32.64,70899.15,1135621927.03,0.0,0.0,0.0,0.0,8388608.0,20971520.0,0.0,0.0,0.0,0.0,69.87
110,92.05,26.0,1048576.0,77085568.0,68.92,6857.0,580768.0,8.57,78597344.0,20.78,141604160.0,64.97,62766.63,1077723723.04,101888.0,0.0,0.0,0.0,28641280.0,0.0,2048.0,0.0,3214336.0,0.0,31.28
111,30.73,38.0,524288.0,77819520.0,17.63,0.0,20480.0,0.03,618497248.0,17.63,143828960.0,9.75,545761.17,1150113727.04,0.0,0.0,0.0,0.0,19668992.0,81920.0,0.0,0.0,0.0,0.0,22.1
112,45.11,38.0,524288.0,78475264.0,44.32,0.0,22528.0,0.05,642130240.0,44.32,145168320.0,12.62,420130.33,1559642779.36,0.0,0.0,0.0,0.0,20072448.0,184320.0,0.0,0.0,0.0,0.0,21.67
113,43.9,38.0,524288.0,78696576.0,21.18,0.0,24576.0,0.09,653139712.0,21.18,146008608.0,19.91,258315.57,1138395387.08,0.0,0.0,0.0,0.0,20480000.0,327680.0,0.0,0.0,0.0,0.0,29.98
114,54.02,38.0,524288.0,78781568.0,19.84,0.0,26624.0,0.08,666546560.0,19.84,147742848.0,16.31,309684.65,1143929699.13,0.0,0.0,0.0,0.0,20891648.0,512000.0,0.0,0.0,0.0,0.0,23.77
115,58.32,38.0,524288.0,77759872.0,64.02,0.0,28672.0,0.17,681262400.0,64.02,147167488.0,29.63,159285.0,1132057368.66,0.0,0.0,0.0,0.0,21307392.0,737280.0,0.0,0.0,0.0,0.0,40.37
116,60.65,38.0,524288.0,77559296.0,23.86,0.0,30720.0,0.15,693194688.0,23.86,148707744.0,24.98,188418.28,1130364979.95,0.0,0.0,0.0,0.0,21727232.0,1003520.0,0.0,0.0,0.0,0.0,37.37
117,65.94,38.0,524288.0,77596800.0,30.96,0.0,32768.0,0.21,706787584.0,24.33,148403008.0,32.72,141423.07,1122833095.74,0.0,0.0,0.0,0.0,22151168.0,1310720.0,0.0,0.0,0.0,0.0,43.72
118,61.2,38.0,524288.0,78320640.0,40.11,0.0,32768.0,0.28,630561888.0,18.54,146254144.0,41.84,109808.11,1109800605.51,0.0,0.0,0.0,0.0,25690112.0,5242880.0,0.0,0.0,0.0,0.0,60.86
119,60.84,38.0,524288.0,82557440.0,43.65,0.0,32768.0,0.29,430741984.0,14.11,158638880.0,46.33,106266.72,1118502886.31,0.0,0.0,0.0,0.0,33554432.0,20971520.0,0.0,0.0,0.0,0.0,66.89
120,59.0,26.0,131072.0,67111168.0,71.86,0.0,33024.0,0.58,67239936.0,18.5,121813952.0,66.22,52480.13,1074707766.01,16384.0,0.0,0.0,0.0,17825792.0,0.0,4096.0,0.0,524288.0,0.0,9.02
121,32.85,38.0,1048576.0,67138304.0,38.42,0.0,40960.0,0.09,537131456.0,38.42,121719264.0,11.18,405745.83,1135855710.08,0.0,0.0,0.0,0.0,16777216.0,163840.0,0.0,0.0,0.0,0.0,27.44
122,45.43,38.0,1048576.0,67182336.0,21.01,0.0,315392.0,0.81,571488512.0,21.01,123469504.0,11.78,359242.76,1115937994.72,0.0,0.0,0.0,0.0,17842176.0,368640.0,0.0,0.0,0.0,0.0,30.12
123,49.1,38.0,1048576.0,67228160.0,47.87,0.0,49152.0,0.28,537391520.0,47.87,122016032.0,23.49,163755.41,1120998133.95,0.0,0.0,0.0,0.0,16777216.0,655360.0,0.0,0.0,0.0,0.0,45.62
124,57.33,38.0,1048576.0,67298688.0,27.62,0.0,331776.0,1.72,607066560.0,27.62,123552000.0,21.86,178363.41,1135899018.03,0.0,0.0,0.0,0.0,18939904.0,1024000.0,0.0,0.0,0.0,0.0,53.08
125,57.69,38.0,1048576.0,67417216.0,48.13,0.0,57344.0,0.33,607263936.0,48.13,123397824.0,23.98,162848.85,1135183274.68,0.0,0.0,0.0,0.0,18939904.0,1474560.0,0.0,0.0,0.0,0.0,60.35
126,59.3,38.0,1048576.0,67514112.0,25.88,0.0,348160.0,2.19,643858976.0,25.46,124047712.0,26.58,147317.22,1131955543.26,0.0,0.0,0.0,0.0,20070400.0,2007040.0,0.0,0.0,0.0,0.0,58.66
127,67.36,38.0,1048576.0,67670144.0,43.88,0.0,65536.0,0.66,537919232.0,43.88,123582016.0,41.76,91330.22,1121001352.88,0.0,0.0,0.0,0.0,16777216.0,2621440.0,0.0,0.0,0.0,0.0,69.35
128,68.23,38.0,1048576.0,69533568.0,39.65,0.0,65536.0,0.62,272629760.0,21.25,129978816.0,40.81,98657.61,1130150420.54,0.0,0.0,0.0,0.0,16777216.0,10485760.0,0.0,0.0,0.0,0.0,73.27
129,68.42,38.0,1048576.0,78047616.0,33.03,0.0,327680.0,2.28,150994944.0,10.75,155469952.0,36.24,133108.74,1144332365.38,0.0,0.0,0.0,0.0,16777216.0,41943040.0,0.0,0.0,0.0,0.0,74.37
130,95.91,26.0,2097152.0,154171392.0,74.58,12671.0,1161349.0,9.24,157187296.0,22.45,296766080.0,71.35,116413.33,1094110275.69,203776.0,0.0,0.0,0.0,57282560.0,0.0,4096.0,0.0,6428672.0,0.0,33.48
131,40.27,38.0,1048576.0,155966720.0,23.09,0.0,40960.0,0.05,1236998304.0,23.09,300284064.0,13.03,833649.87,1147746869.73,0.0,0.0,0.0,0.0,39337984.0,163840.0,0.0,0.0,0.0,0.0,28.93
132,48.8,38.0,1048576.0,157035136.0,60.9,0.0,45056.0,0.07,1284241248.0,60.9,303152384.0,17.71,611603.83,1144948169.39,0.0,0.0,0.0,0.0,40144896.0,368640.0,0.0,0.0,0.0,0.0,29.77
133,57.57,38.0,1048576.0,159144320.0,25.6,0.0,49152.0,0.11,1306275200.0,25.6,307141536.0,24.68,427797.0,1285447716.35,0.0,0.0,0.0,0.0,40960000.0,655360.0,0.0,0.0,0.0,0.0,36.2
134,60.62,38.0,1048576.0,159513088.0,23.45,0.0,53248.0,0.09,1333097376.0,23.45,309957792.0,19.93,524483.31,1141054273.74,0.0,0.0,0.0,0.0,41783296.0,1024000.0,0.0,0.0,0.0,0.0,28.06
135,59.32,38.0,1048576.0,156521472.0,65.51,0.0,57344.0,0.17,1362500096.0,65.51,309392800.0,31.27,311513.41,1142447363.16,0.0,0.0,0.0,0.0,42614784.0,1474560.0,0.0,0.0,0.0,0.0,41.26
136,61.86,38.0,1048576.0,155209472.0,27.12,0.0,61440.0,0.17,1386391456.0,27.12,309286048.0,29.06,331731.98,1143083517.62,0.0,0.0,0.0,0.0,43454464.0,2007040.0,0.0,0.0,0.0,0.0,42.43
137,68.58,38.0,1048576.0,155322752.0,35.05,0.0,65536.0,0.24,1413606016.0,27.52,310423776.0,37.74,250351.78,1139454275.5,0.0,0.0,0.0,0.0,44302336.0,2621440.0,0.0,0.0,0.0,0.0,49.36
138,64.77,38.0,1048576.0,157489024.0,44.49,0.0,65536.0,0.3,1261111744.0,20.41,305490304.0,47.21,199621.33,1131537577.85,0.0,0.0,0.0,0.0,51380224.0,10485760.0,0.0,0.0,0.0,0.0,66.92
139,64.53,38.0,1048576.0,168030848.0,48.24,0.0,65536.0,0.31,861477408.0,15.28,330648192.0,51.23,196338.24,1140016726.71,0.0,0.0,0.0,0.0,67108864.0,41943040.0,0.0,0.0,0.0,0.0,72.36
140,96.81,26.0,262144.0,134222336.0,72.96,0.0,66435.0,0.59,134479840.0,18.73,255988384.0,68.69,103685.94,1113083395.36,32768.0,0.0,0.0,0.0,35651584.0,0.0,8192.0,0.0,1048576.0,0.0,9.05
141,42.12,38.0,2097152.0,134302080.0,48.7,0.0,81920.0,0.12,1074264736.0,48.7,256537184.0,14.47,640533.26,1153565257.71,0.0,0.0,0.0,0.0,33554432.0,327680.0,0.0,0.0,0.0,0.0,34.75
142,51.61,38.0,2097152.0,134475008.0,23.76,0.0,630784.0,0.92,1142839776.0,23.76,260334912.0,13.66,636305.43,1149395639.32,0.0,0.0,0.0,0.0,35684352.0,737280.0,0.0,0.0,0.0,0.0,34.0
143,57.02,38.0,2097152.0,134599680.0,53.46,0.0,98304.0,0.31,1074791584.0,53.46,257285376.0,26.88,293468.91,1143932063.92,0.0,0.0,0.0,0.0,33554432.0,1310720.0,0.0,0.0,0.0,0.0,50.89
144,62.04,38.0,2097152.0,134848640.0,29.41,0.0,663552.0,1.83,1214041440.0,29.41,260462240.0,23.89,335663.69,1147521076.69,0.0,0.0,0.0,0.0,37879808.0,2048000.0,0.0,0.0,0.0,0.0,56.39
145,60.72,38.0,2097152.0,135090688.0,51.13,0.0,114688.0,0.35,1214516928.0,51.13,259725312.0,26.12,306773.09,1145907141.23,0.0,0.0,0.0,0.0,37879808.0,2949120.0,0.0,0.0,0.0,0.0,64.05
146,61.36,38.0,2097152.0,135444864.0,27.53,0.0,696320.0,2.32,1287704096.0,27.0,260852960.0,28.95,278116.31,1141467669.81,0.0,0.0,0.0,0.0,40140800.0,4014080.0,0.0,0.0,0.0,0.0,62.12
147,69.45,38.0,2097152.0,135843840.0,46.8,0.0,131072.0,0.71,1075838976.0,46.8,259959392.0,45.49,171359.24,1136455066.46,0.0,0.0,0.0,0.0,33554432.0,5242880.0,0.0,0.0,0.0,0.0,73.88
148,69.99,38.0,2097152.0,140807936.0,42.15,0.0,131072.0,0.64,545259520.0,22.23,272967264.0,43.67,188482.83,1140385003.23,0.0,0.0,0.0,0.0,33554432.0,20971520.0,0.0,0.0,0.0,0.0,76.67
149,70.16,38.0,2097152.0,161969792.0,35.53,0.0,655360.0,2.36,301994112.0,11.1,323934720.0,37.93,257323.0,1148599307.24,0.0,0.0,0.0,0.0,33554432.0,83886080.0,0.0,0.0,0.0,0.0,76.91
150,96.54,26.0,4194304.0,308344960.0,76.6,24154.0,2322711.0,9.47,314451296.0,23.02,605551712.0,73.81,227177.09,1156800414.46,407552.0,0.0,0.0,0.0,114565120.0,0.0,8192.0,0.0,12857344.0,0.0,34.19
151,48.96,38.0,2097152.0,312340736.0,27.55,0.0,81920.0,0.05,2473991904.0,27.55,614242688.0,15.61,1397886.7,1151001488.44,0.0,0.0,0.0,0.0,78675968.0,327680.0,0.0,0.0,0.0,0.0,34.5
152,55.42,38.0,2097152.0,315544064.0,69.09,0.0,90112.0,0.08,2568480864.0,69.09,620186048.0,20.33,1078448.61,1152622151.83,0.0,0.0,0.0,0.0,80289792.0,737280.0,0.0,0.0,0.0,0.0,33.76
153,59.75,38.0,2097152.0,318652800.0,30.35,0.0,98304.0,0.13,2612584064.0,30.35,627420128.0,29.53,721836.2,1147432797.48,0.0,0.0,0.0,0.0,81920000.0,1310720.0,0.0,0.0,0.0,0.0,42.89
154,64.19,38.0,2097152.0,320985472.0,25.45,0.0,106496.0,0.1,2666224992.0,25.45,635480864.0,21.92,966707.87,1150054094.3,0.0,0.0,0.0,0.0,83566592.0,2048000.0,0.0,0.0,0.0,0.0,30.44
155,63.13,38.0,2097152.0,313756672.0,70.06,0.0,114688.0,0.18,2724986720.0,70.06,634067872.0,33.79,582748.0,1145121989.56,0.0,0.0,0.0,0.0,85229568.0,2949120.0,0.0,0.0,0.0,0.0,44.1
156,62.53,38.0,2097152.0,310643456.0,28.8,0.0,122880.0,0.18,2772668384.0,28.8,631318080.0,31.02,625001.57,1151338080.04,0.0,0.0,0.0,0.0,86908928.0,4014080.0,0.0,0.0,0.0,0.0,45.03
157,71.05,38.0,2097152.0,311055744.0,37.16,0.0,131072.0,0.26,2827144992.0,29.13,633584704.0,40.38,473464.07,1146335501.26,0.0,0.0,0.0,0.0,88604672.0,5242880.0,0.0,0.0,0.0,0.0,52.18
158,66.49,38.0,2097152.0,315878912.0,46.38,0.0,131072.0,0.32,2522185568.0,21.19,623160896.0,49.38,384802.07,1146008273.59,0.0,0.0,0.0,0.0,102760448.0,20971520.0,0.0,0.0,0.0,0.0,69.41
159,65.93,38.0,2097152.0,338972800.0,50.29,0.0,131072.0,0.32,1722920192.0,15.76,673112672.0,52.96,380644.65,1146741083.06,0.0,0.0,0.0,0.0,134217728.0,83886080.0,0.0,0.0,0.0,0.0,74.63
160,97.31,26.0,524288.0,268493440.0,84.9,0.0,134353.0,0.7,268959680.0,21.75,525120544.0,79.8,178577.89,1120144325.13,65536.0,0.0,0.0,0.0,71303168.0,0.0,16384.0,0.0,2097152.0,0.0,10.36
161,50.7,38.0,4194304.0,268655232.0,57.15,0.0,163840.0,0.14,2148529216.0,57.15,525991616.0,17.11,1091895.15,1149924961.4,0.0,0.0,0.0,0.0,67108864.0,655360.0,0.0,0.0,0.0,0.0,40.77
162,56.41,38.0,4194304.0,269198336.0,25.78,0.0,1261568.0,0.99,2285736416.0,25.78,535507584.0,14.98,1174085.69,1151317235.54,0.0,0.0,0.0,0.0,71368704.0,1474560.0,0.0,0.0,0.0,0.0,36.85
163,60.82,38.0,4194304.0,269336192.0,57.74,0.0,196608.0,0.33,2149581632.0,57.74,528313696.0,29.34,543607.13,1152256854.16,0.0,0.0,0.0,0.0,67108864.0,2621440.0,0.0,0.0,0.0,0.0,54.93
164,64.16,38.0,4194304.0,269867648.0,30.82,0.0,1327104.0,1.92,2428191296.0,30.82,534236224.0,25.29,641160.81,1150848676.79,0.0,0.0,0.0,0.0,75759616.0,4096000.0,0.0,0.0,0.0,0.0,59.03
165,61.45,38.0,4194304.0,270507136.0,52.29,0.0,229376.0,0.35,2429065504.0,52.29,532321312.0,27.06,600042.04,1149047959.89,0.0,0.0,0.0,0.0,75759616.0,5898240.0,0.0,0.0,0.0,0.0,65.48
166,62.07,38.0,4194304.0,271255424.0,28.22,0.0,1392640.0,2.37,2575449504.0,27.63,534462336.0,29.91,543833.17,1148451578.48,0.0,0.0,0.0,0.0,80281600.0,8028160.0,0.0,0.0,0.0,0.0,63.52
167,70.39,38.0,4194304.0,272152832.0,48.28,0.0,262144.0,0.73,2151678464.0,48.28,532700864.0,47.51,332333.74,1142134542.85,0.0,0.0,0.0,0.0,67108864.0,10485760.0,0.0,0.0,0.0,0.0,76.16
168,70.98,38.0,4194304.0,283388416.0,43.61,0.0,262144.0,0.66,1090519104.0,22.81,558611968.0,45.53,367215.02,1147202772.04,0.0,0.0,0.0,0.0,67108864.0,41943040.0,0.0,0.0,0.0,0.0,78.68
169,71.0,38.0,4194304.0,329735168.0,36.89,0.0,1310720.0,2.4,603987328.0,11.3,659085024.0,38.82,505287.87,1149886829.96,0.0,0.0,0.0,0.0,67108864.0,167772160.0,0.0,0.0,0.0,0.0,78.32
170,96.53,26.0,8388608.0,616691968.0,79.31,47851.0,4646121.0,9.8,628805024.0,23.82,1222812352.0,76.75,439136.26,1148657244.65,815104.0,0.0,0.0,0.0,229130240.0,0.0,16384.0,0.0,25714688.0,0.0,35.3
171,56.95,38.0,4194304.0,624828416.0,30.99,0.0,163840.0,0.06,4947978336.0,30.99,1238861344.0,17.6,2485268.56,1150996537.45,0.0,0.0,0.0,0.0,157351936.0,655360.0,0.0,0.0,0.0,0.0,38.81
172,59.76,38.0,4194304.0,632163712.0,77.7,0.0,180224.0,0.09,5136968608.0,77.7,1255091232.0,22.91,1918009.8,1154871023.78,0.0,0.0,0.0,0.0,160579584.0,1474560.0,0.0,0.0,0.0,0.0,37.96
173,63.72,38.0,4194304.0,639150720.0,32.13,0.0,196608.0,0.13,5225133952.0,32.13,1270019648.0,31.41,1363979.46,1151325109.87,0.0,0.0,0.0,0.0,163840000.0,2621440.0,0.0,0.0,0.0,0.0,45.39
174,65.9,38.0,4194304.0,643297408.0,25.94,0.0,212992.0,0.1,5332405376.0,25.94,1284280032.0,22.48,1897118.78,1153269303.3,0.0,0.0,0.0,0.0,167133184.0,4096000.0,0.0,0.0,0.0,0.0,31.02
175,63.45,38.0,4194304.0,628415360.0,71.14,0.0,229376.0,0.19,5449998944.0,71.14,1279741728.0,34.46,1148014.22,1149227806.79,0.0,0.0,0.0,0.0,170459136.0,5898240.0,0.0,0.0,0.0,0.0,44.76
176,62.85,38.0,4194304.0,621912064.0,29.15,0.0,245760.0,0.18,5545598048.0,29.15,1275368768.0,31.58,1235294.96,1151468086.28,0.0,0.0,0.0,0.0,173817856.0,8028160.0,0.0,0.0,0.0,0.0,45.56
177,71.85,38.0,4194304.0,622580864.0,37.82,0.0,262144.0,0.26,5654356640.0,29.63,1278736736.0,41.21,931445.0,1150136567.49,0.0,0.0,0.0,0.0,177209344.0,10485760.0,0.0,0.0,0.0,0.0,53.04
178,67.2,38.0,4194304.0,632618880.0,47.48,0.0,262144.0,0.32,5044414688.0,21.65,1259128960.0,50.61,753354.52,1149640038.27,0.0,0.0,0.0,0.0,205520896.0,41943040.0,0.0,0.0,0.0,0.0,70.89
179,66.68,38.0,4194304.0,680877056.0,51.46,0.0,262144.0,0.32,3445839232.0,16.05,1357349632.0,53.96,747797.19,1148280774.26,0.0,0.0,0.0,0.0,268435456.0,167772160.0,0.0,0.0,0.0,0.0,75.96
180,97.9,26.0,1048576.0,537014784.0,90.06,0.0,269289.0,0.74,537920288.0,23.04,1061628672.0,84.57,337171.09,1138599161.82,131072.0,0.0,0.0,0.0,142606336.0,0.0,32768.0,0.0,4194304.0,0.0,10.88
181,56.86,38.0,8388608.0,537353344.0,64.21,0.0,327680.0,0.16,4297057920.0,64.21,1064698272.0,19.28,1943763.57,1154780549.61,0.0,0.0,0.0,0.0,134217728.0,1310720.0,0.0,0.0,0.0,0.0,45.8
182,60.13,38.0,8388608.0,538899712.0,27.5,0.0,2523136.0,1.06,4571386176.0,27.5,1083185984.0,16.07,2201754.17,1151236785.27,0.0,0.0,0.0,0.0,142737408.0,2949120.0,0.0,0.0,0.0,0.0,39.3
183,64.09,38.0,8388608.0,538829696.0,61.04,0.0,393216.0,0.35,4299160224.0,61.04,1068502560.0,31.16,1028425.19,1153108501.2,0.0,0.0,0.0,0.0,134217728.0,5242880.0,0.0,0.0,0.0,0.0,58.07
184,65.74,38.0,8388608.0,539940736.0,31.6,0.0,2654208.0,1.96,4856344704.0,31.6,1081280736.0,26.06,1251200.31,1151049775.91,0.0,0.0,0.0,0.0,151519232.0,8192000.0,0.0,0.0,0.0,0.0,60.49
185,61.96,38.0,8388608.0,541307776.0,52.91,0.0,458752.0,0.36,4858043808.0,52.91,1077182080.0,27.53,1186220.33,1152475840.72,0.0,0.0,0.0,0.0,151519232.0,11796480.0,0.0,0.0,0.0,0.0,66.24
186,62.43,38.0,8388608.0,542929536.0,28.61,0.0,2785280.0,2.4,5150834400.0,27.99,1081644928.0,30.5,1074016.74,1152062030.97,0.0,0.0,0.0,0.0,160563200.0,16056320.0,0.0,0.0,0.0,0.0,64.32
187,70.89,38.0,8388608.0,544760448.0,48.95,0.0,524288.0,0.74,4303355904.0,48.95,1078143680.0,48.44,655759.59,1149777661.93,0.0,0.0,0.0,0.0,134217728.0,20971520.0,0.0,0.0,0.0,0.0,77.19
188,71.43,38.0,8388608.0,568563584.0,44.32,0.0,524288.0,0.67,2181038208.0,23.09,1129028096.0,46.05,725567.94,1149855381.3,0.0,0.0,0.0,0.0,134217728.0,83886080.0,0.0,0.0,0.0,0.0,79.63
189,71.47,38.0,8388608.0,665318272.0,37.59,0.0,2621440.0,2.42,1207954176.0,11.4,1330631072.0,39.26,1001114.02,1152507389.16,0.0,0.0,0.0,0.0,134217728.0,335544320.0,0.0,0.0,0.0,0.0,79.05
190,96.81,26.0,16777216.0,1233386112.0,81.07,104802.0,9279490.0,10.0,1257600800.0,24.35,2458794368.0,79.23,859547.07,1141314895.47,1630208.0,0.0,0.0,0.0,458260480.0,0.0,32768.0,0.0,51429376.0,0.0,36.04
191,60.45,38.0,8388608.0,1250087424.0,33.68,0.0,327680.0,0.07,9895963712.0,33.68,2494652064.0,19.16,4574362.8,1153808830.07,0.0,0.0,0.0,0.0,314703872.0,1310720.0,0.0,0.0,0.0,0.0,42.17
192,62.31,38.0,8388608.0,1264948480.0,80.54,0.0,360448.0,0.09,10273939456.0,80.54,2524981536.0,23.81,3700785.81,1155536471.86,0.0,0.0,0.0,0.0,321159168.0,2949120.0,0.0,0.0,0.0,0.0,39.34
193,65.79,38.0,8388608.0,1279931520.0,33.23,0.0,393216.0,0.14,10450241472.0,33.23,2553499200.0,32.55,2638326.61,1154260966.8,0.0,0.0,0.0,0.0,327680000.0,5242880.0,0.0,0.0,0.0,0.0,46.93
194,66.69,38.0,8388608.0,1286649088.0,26.57,0.0,425984.0,0.11,10664888032.0,26.57,2583413056.0,23.01,3706107.8,1153096592.3,0.0,0.0,0.0,0.0,334266368.0,8192000.0,0.0,0.0,0.0,0.0,31.75
195,63.82,38.0,8388608.0,1257943040.0,71.91,0.0,458752.0,0.19,10899974816.0,71.91,2570015584.0,34.96,2271747.54,1151758826.25,0.0,0.0,0.0,0.0,340918272.0,11796480.0,0.0,0.0,0.0,0.0,45.24
196,62.96,38.0,8388608.0,1244235264.0,29.4,0.0,491520.0,0.19,11091130656.0,29.4,2565652320.0,31.94,2450166.09,1153058406.02,0.0,0.0,0.0,0.0,347635712.0,16056320.0,0.0,0.0,0.0,0.0,45.94
197,72.31,38.0,8388608.0,1245918464.0,38.25,0.0,524288.0,0.26,11308746656.0,29.95,2568363200.0,41.73,1843183.09,1152473471.73,0.0,0.0,0.0,0.0,354418688.0,20971520.0,0.0,0.0,0.0,0.0,53.6
198,67.56,38.0,8388608.0,1265994368.0,48.04,0.0,524288.0,0.33,10088697952.0,21.89,2529671968.0,51.05,1490416.09,1150239624.95,0.0,0.0,0.0,0.0,411041792.0,83886080.0,0.0,0.0,0.0,0.0,71.66
199,67.04,38.0,8388608.0,1364727168.0,52.04,0.0,524288.0,0.33,6891634784.0,16.18,2725353408.0,54.55,1483385.83,1150925026.48,0.0,0.0,0.0,0.0,536870912.0,335544320.0,0.0,0.0,0.0,0.0,76.58
200,98.95,26.0,2097152.0,1073988352.0,88.54,0.0,537616.0,0.73,1075837440.0,22.64,2136641408.0,83.49,686075.87,1150207668.94,262144.0,0.0,0.0,0.0,285212672.0,0.0,65536.0,0.0,8388608.0,0.0,10.66
201,60.92,38.0,16777216.0,1074832640.0,68.03,0.0,655360.0,0.17,8594123968.0,68.03,2141877632.0,20.44,3669318.39,1154594057.7,0.0,0.0,0.0,0.0,268435456.0,2621440.0,0.0,0.0,0.0,0.0,48.52
202,62.49,38.0,16777216.0,1078374144.0,28.58,0.0,5046272.0,1.1,9143040896.0,28.58,2180973728.0,16.75,4238257.52,1153033921.44,0.0,0.0,0.0,0.0,285474816.0,5898240.0,0.0,0.0,0.0,0.0,40.83
203,66.08,38.0,16777216.0,1077809792.0,62.77,0.0,786432.0,0.36,8598326848.0,62.77,2147948736.0,32.12,1999897.63,1152312134.48,0.0,0.0,0.0,0.0,268435456.0,10485760.0,0.0,0.0,0.0,0.0,59.72
204,66.52,38.0,16777216.0,1080106752.0,32.0,0.0,5308416.0,1.99,9713197056.0,32.0,2176924448.0,26.47,2471322.87,1152669249.24,0.0,0.0,0.0,0.0,303038464.0,16384000.0,0.0,0.0,0.0,0.0,61.25
205,62.26,38.0,16777216.0,1082882432.0,53.27,0.0,917504.0,0.36,9716092160.0,53.27,2167215936.0,27.78,2356479.52,1152641888.21,0.0,0.0,0.0,0.0,303038464.0,23592960.0,0.0,0.0,0.0,0.0,66.69
206,62.58,38.0,16777216.0,1086255488.0,28.83,0.0,5570560.0,2.42,10301804000.0,28.19,2176701280.0,30.79,2133106.31,1153100249.75,0.0,0.0,0.0,0.0,321126400.0,32112640.0,0.0,0.0,0.0,0.0,64.76
207,71.12,38.0,16777216.0,1090028544.0,49.34,0.0,1048576.0,0.75,8606712192.0,49.34,2169940864.0,48.98,1301133.74,1151984060.46,0.0,0.0,0.0,0.0,268435456.0,41943040.0,0.0,0.0,0.0,0.0,77.8
208,71.66,38.0,16777216.0,1139075328.0,44.65,0.0,1048576.0,0.67,4362076288.0,23.21,2270013856.0,46.37,1443665.94,1152763715.35,0.0,0.0,0.0,0.0,268435456.0,167772160.0,0.0,0.0,0.0,0.0,80.04
209,71.71,38.0,16777216.0,1336335488.0,37.96,0.0,5242880.0,2.44,2415912192.0,11.46,2673419872.0,39.54,1991635.15,1152459927.41,0.0,0.0,0.0,0.0,268435456.0,671088640.0,0.0,0.0,0.0,0.0,79.46
210,96.78,26.0,16777216.0,1233385088.0,80.78,102292.0,9283445.0,9.97,1257651296.0,24.27,2460619392.0,79.01,862454.81,1136675507.7,1630208.0,0.0,0.0,0.0,458260480.0,0.0,32768.0,0.0,51429376.0,0.0,35.92
211,96.73,26.0,16777216.0,1233385984.0,80.38,103124.0,9281228.0,9.91,1257757536.0,24.14,2458818368.0,78.58,866928.44,1155682701.51,1630208.0,0.0,0.0,0.0,458260480.0,0.0,32768.0,0.0,51429376.0,0.0,35.73
212,62.84,38.0,16777216.0,2500536832.0,35.05,0.0,655360.0,0.07,19791914144.0,35.05,4995841792.0,19.95,8790519.87,1153868350.54,0.0,0.0,0.0,0.0,629407744.0,2621440.0,0.0,0.0,0.0,0.0,43.88
213,63.71,38.0,16777216.0,2530808192.0,82.37,0.0,720896.0,0.09,20547916512.0,82.37,5059147360.0,24.4,7237734.7,1154334815.89,0.0,0.0,0.0,0.0,642318336.0,5898240.0,0.0,0.0,0.0,0.0,40.23
214,66.83,38.0,16777216.0,2560780416.0,33.8,0.0,786432.0,0.14,20900485376.0,33.8,5116822784.0,33.14,5188700.69,1152651158.45,0.0,0.0,0.0,0.0,655360000.0,10485760.0,0.0,0.0,0.0,0.0,47.73
215,67.13,38.0,16777216.0,2573434880.0,26.79,0.0,851968.0,0.11,21329790624.0,26.79,5174929440.0,23.23,7351147.44,1153948028.08,0.0,0.0,0.0,0.0,668532736.0,16384000.0,0.0,0.0,0.0,0.0,32.02
216,64.12,38.0,16777216.0,2516946432.0,72.3,0.0,917504.0,0.19,21799937312.0,72.3,5155669536.0,35.19,4519898.7,1154335778.19,0.0,0.0,0.0,0.0,681836544.0,23592960.0,0.0,0.0,0.0,0.0,45.47
217,63.02,38.0,16777216.0,2488968960.0,29.5,0.0,983040.0,0.19,22182292576.0,29.5,5137091936.0,32.13,4883294.41,1152590258.55,0.0,0.0,0.0,0.0,695271424.0,32112640.0,0.0,0.0,0.0,0.0,46.09
218,72.52,38.0,16777216.0,2492317312.0,38.49,0.0,1048576.0,0.26,22617395264.0,30.12,5151684512.0,41.98,3665996.65,1151438718.07,0.0,0.0,0.0,0.0,708837376.0,41943040.0,0.0,0.0,0.0,0.0,53.9
219,67.74,38.0,16777216.0,2533025536.0,48.3,0.0,1048576.0,0.33,20177330368.0,21.98,5071235712.0,51.33,2968221.09,1151030069.04,0.0,0.0,0.0,0.0,822083584.0,167772160.0,0.0,0.0,0.0,0.0,71.96
220,67.21,38.0,16777216.0,2732423168.0,52.33,0.0,1048576.0,0.33,13783276864.0,16.25,5464195520.0,54.68,2954027.06,1151426858.0,0.0,0.0,0.0,0.0,1073741824.0,671088640.0,0.0,0.0,0.0,0.0,76.91
221,99.31,26.0,4194304.0,2148038912.0,88.64,0.0,1069206.0,0.72,2151676800.0,22.66,4282373056.0,84.46,1371210.72,1136312253.23,524288.0,0.0,0.0,0.0,570425344.0,0.0,131072.0,0.0,16777216.0,0.0,10.64
222,63.14,38.0,33554432.0,2166352512.0,70.21,0.0,1310720.0,0.17,17188259936.0,70.21,4304644576.0,21.13,7110563.67,1154618182.39,0.0,0.0,0.0,0.0,536870912.0,5242880.0,0.0,0.0,0.0,0.0,50.08
223,63.68,38.0,33554432.0,2175454592.0,29.05,0.0,10092544.0,1.12,18286188384.0,29.05,4387970816.0,17.07,8338213.11,1155778733.65,0.0,0.0,0.0,0.0,570949632.0,11796480.0,0.0,0.0,0.0,0.0,41.5
224,67.12,38.0,33554432.0,2170066048.0,63.59,0.0,1572864.0,0.37,17196656256.0,63.59,4325205760.0,32.62,3948043.0,1154863184.72,0.0,0.0,0.0,0.0,536870912.0,20971520.0,0.0,0.0,0.0,0.0,60.5
225,66.9,38.0,33554432.0,2179332736.0,32.12,0.0,10616832.0,2.0,19426130208.0,32.12,4377932736.0,26.64,4925112.54,1154542613.96,0.0,0.0,0.0,0.0,606076928.0,32768000.0,0.0,0.0,0.0,0.0,61.46
226,62.41,38.0,33554432.0,2185090816.0,53.34,0.0,1835008.0,0.36,19432254560.0,53.34,4359957824.0,27.89,4707386.2,1153879728.8,0.0,0.0,0.0,0.0,606076928.0,47185920.0,0.0,0.0,0.0,0.0,66.76
227,62.68,38.0,33554432.0,2191788160.0,29.14,0.0,11141120.0,2.42,20603512544.0,28.22,4377109568.0,30.9,4260863.8,1153970097.19,0.0,0.0,0.0,0.0,642252800.0,64225280.0,0.0,0.0,0.0,0.0,64.84
228,71.26,38.0,33554432.0,2199447808.0,49.37,0.0,2097152.0,0.75,17213423488.0,49.37,4361472416.0,49.0,2600914.02,1152805660.29,0.0,0.0,0.0,0.0,536870912.0,83886080.0,0.0,0.0,0.0,0.0,77.84
229,71.78,38.0,33554432.0,2288870656.0,45.0,0.0,2097152.0,0.67,8724152000.0,23.26,4563301920.0,46.53,2880832.37,1153351588.27,0.0,0.0,0.0,0.0,536870912.0,335544320.0,0.0,0.0,0.0,0.0,80.21
230,71.82,38.0,33554432.0,2697610880.0,38.44,0.0,10485760.0,2.44,4831823104.0,11.49,5367859008.0,39.69,3974943.56,1154443685.45,0.0,0.0,0.0,0.0,536870912.0,1342177280.0,0.0,0.0,0.0,0.0,79.63
231,96.83,26.0,16777216.0,1252332928.0,80.71,100879.0,9277800.0,9.78,1257738400.0,23.83,2475802976.0,77.93,878596.39,1151828550.27,1630208.0,0.0,0.0,0.0,458260480.0,0.0,32768.0,0.0,51429376.0,0.0,35.26
232,96.74,26.0,16777216.0,1249970048.0,80.55,101257.0,9278304.0,9.78,1257667808.0,23.82,2472385888.0,78.0,878721.31,1151219598.71,1630208.0,0.0,0.0,0.0,458260480.0,0.0,32768.0,0.0,51429376.0,0.0,35.26
233,96.86,26.0,16777216.0,1252364672.0,80.9,100926.0,9279222.0,9.8,1257674848.0,23.87,2470708000.0,78.21,876608.78,1147393688.19,1630208.0,0.0,0.0,0.0,458260480.0,0.0,32768.0,0.0,51429376.0,0.0,35.34
234,96.82,26.0,16777216.0,1251285504.0,80.87,100084.0,9279736.0,9.81,1257716160.0,23.89,2470559872.0,78.16,876146.59,1147557777.72,1630208.0,0.0,0.0,0.0,458260480.0,0.0,32768.0,0.0,51429376.0,0.0,35.36
235,64.05,38.0,33554432.0,5020341248.0,35.64,0.0,1310720.0,0.07,39583830464.0,35.64,10014764608.0,20.31,17293314.63,1155256070.95,0.0,0.0,0.0,0.0,1258815488.0,5242880.0,0.0,0.0,0.0,0.0,44.61
236,64.36,38.0,33554432.0,5073271040.0,83.26,0.0,1441792.0,0.09,41095769888.0,83.26,10143163968.0,24.67,14320432.04,1153840305.99,0.0,0.0,0.0,0.0,1284636672.0,11796480.0,0.0,0.0,0.0,0.0,40.67
237,67.33,38.0,33554432.0,5134716160.0,34.02,0.0,1572864.0,0.14,41800978784.0,34.02,10255870560.0,33.38,10310089.2,1153803108.47,0.0,0.0,0.0,0.0,1310720000.0,20971520.0,0.0,0.0,0.0,0.0,48.04
238,67.37,38.0,33554432.0,5165586304.0,26.9,0.0,1703936.0,0.11,42659509920.0,26.9,10374513952.0,23.37,14643198.69,1154631163.72,0.0,0.0,0.0,0.0,1337065472.0,32768000.0,0.0,0.0,0.0,0.0,32.15
239,64.26,38.0,33554432.0,5054524160.0,72.59,0.0,1835008.0,0.19,43599851584.0,72.59,10338142336.0,35.38,9004141.11,1153889473.26,0.0,0.0,0.0,0.0,1363673088.0,47185920.0,0.0,0.0,0.0,0.0,45.65
240,63.05,38.0,33554432.0,4996708608.0,29.51,0.0,1966080.0,0.19,44364440160.0,29.51,10298431168.0,32.17,9765037.52,1153989125.78,0.0,0.0,0.0,0.0,1390542848.0,64225280.0,0.0,0.0,0.0,0.0,46.1
241,72.63,38.0,33554432.0,5003340672.0,38.68,0.0,2097152.0,0.27,45234785184.0,30.14,10329004064.0,42.09,7326430.69,1153893632.13,0.0,0.0,0.0,0.0,1417674752.0,83886080.0,0.0,0.0,0.0,0.0,53.94
242,67.84,38.0,33554432.0,5071901952.0,48.45,0.0,2097152.0,0.33,40354492800.0,22.01,10166688320.0,51.51,5929270.72,1153583342.59,0.0,0.0,0.0,0.0,1644167168.0,335544320.0,0.0,0.0,0.0,0.0,72.05
243,67.31,38.0,33554432.0,5487001600.0,52.64,0.0,2097152.0,0.33,27566492896.0,16.26,10953500768.0,54.88,5904379.57,1153321675.99,0.0,0.0,0.0,0.0,2147483648.0,1342177280.0,0.0,0.0,0.0,0.0,76.96
