,Time,sm__sass_thread_inst_executed_op_dfma_pred_on.sum,sm__sass_thread_inst_executed_op_dmul_pred_on.sum,sm__sass_thread_inst_executed_op_dadd_pred_on.sum,sm__sass_thread_inst_executed_op_ffma_pred_on.sum,sm__sass_thread_inst_executed_op_fmul_pred_on.sum,sm__sass_thread_inst_executed_op_fadd_pred_on.sum,sm__sass_thread_inst_executed_op_hfma_pred_on.sum,sm__sass_thread_inst_executed_op_hmul_pred_on.sum,sm__sass_thread_inst_executed_op_hadd_pred_on.sum,sm__inst_executed_pipe_tensor.sum,gpu__compute_memory_throughput.avg.pct_of_peak_sustained_elapsed,l1tex__throughput.avg.pct_of_peak_sustained_elapsed,lts__throughput.avg.pct_of_peak_sustained_elapsed,dram__bytes.sum,lts__t_bytes.sum,l1tex__t_bytes.sum,sm__throughput.avg.pct_of_peak_sustained_elapsed,l1tex__data_pipe_lsu_wavefronts_mem_shared.sum,l1tex__data_pipe_lsu_wavefronts_mem_shared.sum.pct_of_peak_sustained_elapsed,Achieved Occupancy,l1tex__data_bank_conflicts_pipe_lsu_mem_shared.sum,Registers Per Thread,Threads,CC FLOPs,TC FLOPs,all FLOPs,AI HBM,AI L2,AI L1,GFLOP/s,TC GFLOP/s
0,2.428800200789813e-05,0.0,0.0,0.0,0.0,16.0,69632.0,2048.0,0.0,0.0,64.0,0.8,0.14,0.8,262272.0,1039968.0,262656.0,0.07,129.0,0.0,24.97,0.0,32.0,512.0,73744.0,32768.0,106512.0,0.40611273792093705,0.10241853595495246,0.4055190058479532,4.084198858151705,1.256487796529171
1,7.104000228101958e-05,0.0,0.0,0.0,12320.0,0.0,67296.0,0.0,0.0,0.0,0.0,0.78,0.78,0.25,262272.0,709920.0,2098176.0,0.59,2080.0,0.02,8.6,0.0,32.0,65536.0,91936.0,0.0,91936.0,0.35053684724255735,0.12950191570881225,0.04381710590531967,1.2052656175480596,0.0
2,6.201599586910559e-05,0.0,0.0,0.0,21616.0,0.0,72784.0,0.0,0.0,0.0,0.0,0.47,0.47,0.26,262272.0,718144.0,2232224.0,0.61,3152.0,0.04,11.46,0.0,32.0,65536.0,116016.0,0.0,116016.0,0.44234992679355783,0.16154977274752697,0.05197327866737388,1.742265334973289,0.0
3,2.371199632597525e-05,0.0,0.0,0.0,31808.0,0.0,70080.0,0.0,0.0,0.0,0.0,1.23,1.23,0.66,262272.0,713632.0,2099200.0,1.27,2112.0,0.07,16.45,0.0,32.0,65536.0,133696.0,0.0,133696.0,0.5097608589555881,0.1873458589300928,0.0636890243902439,5.251101645937434,0.0
4,2.3648000996832223e-05,0.0,0.0,0.0,42896.0,0.0,80112.0,0.0,0.0,0.0,0.0,0.76,0.76,0.66,262272.0,713440.0,2371328.0,1.47,3216.0,0.11,18.37,0.0,32.0,65536.0,165904.0,0.0,165904.0,0.6325646656905808,0.2325409284592958,0.06996248515599698,6.533750588039294,0.0
5,2.0512000670863484e-05,0.0,0.0,0.0,54880.0,0.0,81824.0,0.0,0.0,0.0,0.0,1.43,1.43,0.78,262272.0,718592.0,2372096.0,1.77,2144.0,0.09,20.48,0.0,32.0,65536.0,191584.0,0.0,191584.0,0.7304782820888238,0.2666102600641254,0.0807657025685301,8.698639737691696,0.0
6,1.6736001642469462e-05,0.0,0.0,0.0,67760.0,0.0,88080.0,0.0,0.0,0.0,0.0,0.82,0.82,0.94,262272.0,723360.0,2515072.0,1.89,3280.0,0.16,22.66,0.0,32.0,65536.0,223600.0,0.0,223600.0,0.8525500244021474,0.3091130280911303,0.08890401547152527,12.44286013665172,0.0
7,1.2991997559215889e-05,0.0,0.0,0.0,81536.0,0.0,77184.0,0.0,0.0,0.0,0.0,1.26,1.26,1.27,262272.0,708640.0,2101248.0,2.11,2176.0,0.15,24.62,0.0,32.0,65536.0,240256.0,0.0,240256.0,0.9160566129819424,0.3390381575976518,0.11433966861598441,17.222589172062687,0.0
8,8.959995237185248e-06,0.0,0.0,0.0,224000.0,0.0,97536.0,0.0,0.0,0.0,0.0,1.75,1.11,2.27,262272.0,768384.0,1064960.0,3.67,2304.0,0.24,24.56,0.0,32.0,65536.0,545536.0,0.0,545536.0,2.0800390434358222,0.7099783441612527,0.5122596153846154,56.704270327830905,0.0
9,6.880004394896447e-06,0.0,0.0,0.0,680960.0,0.0,162816.0,0.0,0.0,0.0,0.0,2.64,1.1,3.54,262272.0,892992.0,589824.0,6.33,3584.0,0.48,20.29,0.0,32.0,65536.0,1524736.0,0.0,1524736.0,5.813567593948267,1.7074464272916219,2.5850694444444446,206.39827762061762,0.0
10,9.664001756617229e-06,0.0,0.0,0.0,0.0,16.0,223760.0,25112.0,0.0,0.0,796.0,3.55,0.97,3.84,602368.0,1754976.0,613344.0,1.7,4432.0,0.4,24.67,0.0,32.0,8192.0,274000.0,407552.0,681552.0,1.1314545261368465,0.38835402877304304,1.111206761621537,65.68135844343158,39.27590117311288
11,0.0001816960003216,0.0,0.0,0.0,12320.0,0.0,155424.0,0.0,0.0,0.0,0.0,0.38,0.38,0.21,602240.0,1392416.0,4833728.0,0.47,2080.0,0.01,7.12,0.0,32.0,65536.0,180064.0,0.0,180064.0,0.298990435706695,0.12931767517753315,0.037251578905556956,0.9229574001559662,0.0
12,9.57119990410944e-05,0.0,0.0,0.0,21616.0,0.0,159904.0,0.0,0.0,0.0,0.0,1.33,1.33,0.41,602240.0,1398848.0,5016704.0,0.67,2096.0,0.02,10.72,0.0,32.0,65536.0,203136.0,0.0,203136.0,0.3373007438894793,0.14521663540284577,0.04049192457836859,1.9766084128685089,0.0
13,6.515199935085618e-05,0.0,0.0,0.0,31808.0,0.0,164544.0,0.0,0.0,0.0,0.0,0.61,0.61,0.63,602240.0,1426048.0,5103584.0,0.86,2112.0,0.03,13.85,0.0,32.0,65536.0,228160.0,0.0,228160.0,0.37885228480340066,0.1599946144870299,0.04470583809338692,3.261458754012515,0.0
14,6.614399683758213e-05,0.0,0.0,0.0,42896.0,0.0,169344.0,0.0,0.0,0.0,0.0,0.67,0.67,0.56,602240.0,1417888.0,5207968.0,0.78,2128.0,0.03,16.45,0.0,32.0,65536.0,255136.0,0.0,255136.0,0.42364505844845907,0.1799408698007177,0.04898954832287756,3.5923731216388437,0.0
15,3.654399710319701e-05,0.0,0.0,0.0,54880.0,0.0,174304.0,0.0,0.0,0.0,0.0,1.96,1.96,1.03,602368.0,1439968.0,5323040.0,1.27,2144.0,0.05,19.66,0.0,32.0,65536.0,284064.0,0.0,284064.0,0.4715788355291118,0.19727105046778817,0.05336499443926779,7.239361777763138,0.0
16,3.865600420134634e-05,0.0,0.0,0.0,67760.0,0.0,179424.0,0.0,0.0,0.0,0.0,0.85,0.85,0.94,602240.0,1436032.0,5416288.0,1.25,2160.0,0.05,22.01,0.0,32.0,65536.0,314944.0,0.0,314944.0,0.5229543039319873,0.2193154470095374,0.05814757265492529,7.5878110787633215,0.0
17,2.7615998020957265e-05,0.0,0.0,0.0,81536.0,0.0,184704.0,0.0,0.0,0.0,0.0,1.1,0.92,1.35,602240.0,1408288.0,5522560.0,1.65,2176.0,0.06,24.2,0.0,32.0,65536.0,347776.0,0.0,347776.0,0.5774707757704569,0.24694948760480812,0.06297369335960135,11.728406102277287,0.0
18,1.321599999993988e-05,0.0,0.0,0.0,224000.0,0.0,232704.0,0.0,0.0,0.0,0.0,2.36,1.28,2.9,602240.0,1457792.0,4926176.0,3.68,2304.0,0.15,23.59,0.0,32.0,65536.0,680704.0,0.0,680704.0,1.13028692879915,0.46694178593379576,0.13818101505102537,47.96875013876654,0.0
19,8.479999638991163e-06,0.0,0.0,0.0,680960.0,0.0,359424.0,0.0,0.0,0.0,0.0,3.91,1.67,5.04,602240.0,1570016.0,3366304.0,7.13,2560.0,0.27,19.16,0.0,32.0,65536.0,1721344.0,0.0,1721344.0,2.8582359192348563,1.096386278865948,0.5113453805716893,189.04794742062333,0.0
20,2.5152001015070005e-05,0.0,0.0,0.0,0.0,32.0,139264.0,4096.0,0.0,0.0,128.0,1.17,0.28,1.21,524416.0,1566848.0,525312.0,0.14,258.0,0.01,24.96,0.0,32.0,1024.0,147488.0,65536.0,213024.0,0.4062118623382963,0.13595702965444,0.4055190058479532,7.887804235377473,2.4266521066626208
21,7.446400130876756e-05,0.0,0.0,0.0,24640.0,0.0,134592.0,0.0,0.0,0.0,0.0,1.46,1.46,0.47,524416.0,1243424.0,4196352.0,1.09,2112.0,0.02,7.46,0.0,32.0,65536.0,183872.0,0.0,183872.0,0.3506224066390041,0.14787554366008698,0.04381710590531967,2.299690339357772,0.0
22,6.36159984121445e-05,0.0,0.0,0.0,43232.0,0.0,145568.0,0.0,0.0,0.0,0.0,0.89,0.89,0.5,524416.0,1254880.0,4464320.0,1.13,4256.0,0.05,10.48,0.0,32.0,65536.0,232032.0,0.0,232032.0,0.4424578960214791,0.18490373581537678,0.05197476883377536,3.396891427108769,0.0
23,2.441599716494165e-05,0.0,0.0,0.0,63616.0,0.0,140160.0,0.0,0.0,0.0,0.0,2.19,2.19,1.22,524416.0,1255136.0,4198400.0,2.18,2176.0,0.07,14.78,0.0,32.0,65536.0,267392.0,0.0,267392.0,0.5098852819135953,0.2130382683629503,0.0636890243902439,10.199387073535366,0.0
24,2.454400364187801e-05,0.0,0.0,0.0,85792.0,0.0,160224.0,0.0,0.0,0.0,0.0,1.39,1.39,1.27,524544.0,1269376.0,4742592.0,2.67,4384.0,0.15,17.1,0.0,32.0,65536.0,331808.0,0.0,331808.0,0.6325646656905808,0.26139457497226987,0.06996342928086582,12.590459378467061,0.0
25,2.0576000322361072e-05,0.0,0.0,0.0,109760.0,0.0,163648.0,0.0,0.0,0.0,0.0,2.65,2.65,1.52,524416.0,1271648.0,4744192.0,3.22,2240.0,0.09,19.46,0.0,32.0,65536.0,383168.0,0.0,383168.0,0.7306565779838906,0.3013160874707466,0.0807657025685301,17.343166926492117,0.0
26,1.7183996326127874e-05,0.0,0.0,0.0,135520.0,0.0,176160.0,0.0,0.0,0.0,0.0,1.56,1.52,1.91,524544.0,1292288.0,5030176.0,3.54,4512.0,0.22,22.12,0.0,32.0,65536.0,447200.0,0.0,447200.0,0.8525500244021474,0.3460528922345483,0.08890344989916854,24.236938105880665,0.0
27,1.28959979714358e-05,0.0,0.0,0.0,163072.0,0.0,154368.0,0.0,0.0,0.0,0.0,2.32,2.32,2.55,524544.0,1284224.0,4202496.0,3.84,2304.0,0.15,24.35,0.0,32.0,65536.0,480512.0,0.0,480512.0,0.9160566129819424,0.37416525465962325,0.11433966861598441,34.701593003104996,0.0
28,8.575995600337963e-06,0.0,0.0,0.0,448000.0,0.0,195072.0,0.0,0.0,0.0,0.0,3.16,1.93,3.51,524416.0,1281088.0,2129920.0,6.65,2560.0,0.25,19.84,0.0,32.0,65536.0,1091072.0,0.0,1091072.0,2.080546741518184,0.8516760753359645,0.5122596153846154,118.48653281618,0.0
29,6.816003278686044e-06,0.0,0.0,0.0,1361920.0,0.0,325632.0,0.0,0.0,0.0,0.0,4.55,1.92,6.07,524544.0,1529824.0,1179648.0,12.12,5120.0,0.68,16.61,0.0,32.0,65536.0,3049472.0,0.0,3049472.0,5.813567593948267,1.9933482544397263,2.5850694444444446,416.67264497051445,0.0
30,9.823997592028775e-06,0.0,0.0,0.0,0.0,32.0,447520.0,50224.0,0.0,0.0,1592.0,6.45,1.85,7.63,1204480.0,3000064.0,1231392.0,3.27,8864.0,0.78,24.67,0.0,32.0,16384.0,548000.0,815104.0,1363104.0,1.1316950053134962,0.4543583070227835,1.1069618772900913,129.22331411997956,77.27249001723406
31,0.000190047996119,0.0,0.0,0.0,24640.0,0.0,310848.0,0.0,0.0,0.0,0.0,0.72,0.72,0.42,1204480.0,2642592.0,9666944.0,0.88,2112.0,0.01,6.63,0.0,32.0,65536.0,360128.0,0.0,360128.0,0.298990435706695,0.13627832067909082,0.037253551898097266,1.7647928049770791,0.0
32,0.0001015680026148,0.0,0.0,0.0,43232.0,0.0,319808.0,0.0,0.0,0.0,0.0,2.54,2.54,0.79,1204480.0,2627168.0,10033344.0,1.26,2144.0,0.02,9.97,0.0,32.0,65536.0,406272.0,0.0,406272.0,0.3373007438894793,0.15464256568289503,0.04049218286545343,3.7252902025568178,0.0
33,6.636800259284263e-05,0.0,0.0,0.0,63616.0,0.0,329088.0,0.0,0.0,0.0,0.0,1.18,1.18,1.17,1204480.0,2628672.0,10207072.0,1.63,2176.0,0.03,13.02,0.0,32.0,65536.0,456320.0,0.0,456320.0,0.37885228480340066,0.17359335816716578,0.04470625856269065,6.403403758520927,0.0
34,6.937600000023032e-05,0.0,0.0,0.0,85792.0,0.0,338688.0,0.0,0.0,0.0,0.0,1.28,1.28,1.07,1204480.0,2640224.0,10416640.0,1.45,2208.0,0.03,15.73,0.0,32.0,65536.0,510272.0,0.0,510272.0,0.42364505844845907,0.19326844994970124,0.048986237404767756,6.850032183934094,0.0
35,3.686399706036061e-05,0.0,0.0,0.0,109760.0,0.0,348608.0,0.0,0.0,0.0,0.0,3.9,3.9,1.99,1204480.0,2638688.0,10646304.0,2.46,2240.0,0.05,18.91,0.0,32.0,65536.0,568128.0,0.0,568128.0,0.4716790648246546,0.21530700105506978,0.05336387163094347,14.353040198131103,0.0
36,3.9839997445059845e-05,0.0,0.0,0.0,135520.0,0.0,358848.0,0.0,0.0,0.0,0.0,1.59,1.59,1.78,1204480.0,2664928.0,10833216.0,2.31,2272.0,0.05,21.58,0.0,32.0,65536.0,629888.0,0.0,629888.0,0.5229543039319873,0.2363621080944776,0.058144137438042406,14.7246222766045,0.0
37,2.863999595667332e-05,0.0,0.0,0.0,163072.0,0.0,369408.0,0.0,0.0,0.0,0.0,2.17,1.76,2.63,1204480.0,2642496.0,11045376.0,3.12,2304.0,0.07,23.97,0.0,32.0,65536.0,695552.0,0.0,695552.0,0.5774707757704569,0.2632178061953547,0.062972233810782,22.61813445780209,0.0
38,1.308799866231088e-05,0.0,0.0,0.0,448000.0,0.0,465408.0,0.0,0.0,0.0,0.0,4.7,2.41,5.88,1204480.0,2769472.0,9852416.0,7.04,2560.0,0.16,17.73,0.0,32.0,65536.0,1361408.0,0.0,1361408.0,1.13028692879915,0.4915767337600813,0.13818011744530478,96.87577423989751,0.0
39,8.831996382975549e-06,0.0,0.0,0.0,1361920.0,0.0,718848.0,0.0,0.0,0.0,0.0,7.52,3.0,9.98,1204480.0,3030912.0,6731904.0,13.27,3072.0,0.31,15.48,0.0,32.0,65536.0,3442688.0,0.0,3442688.0,2.8582359192348563,1.1358587778200093,0.5113988553609796,363.0269887721136,0.0
40,2.5312003013724315e-05,0.0,0.0,0.0,0.0,64.0,278528.0,8192.0,0.0,0.0,256.0,2.12,0.54,2.35,1048832.0,2605760.0,1050624.0,0.27,516.0,0.02,24.97,0.0,32.0,2048.0,294976.0,131072.0,426048.0,0.4062118623382963,0.1635023946948299,0.4055190058479532,15.675887840825341,4.822625551751584
41,7.491199647915459e-05,0.0,0.0,0.0,49280.0,0.0,269184.0,0.0,0.0,0.0,0.0,2.82,2.82,0.91,1048704.0,2329120.0,8392704.0,2.07,2176.0,0.02,4.95,0.0,32.0,65536.0,367744.0,0.0,367744.0,0.35066520200170875,0.15788967507041285,0.04381710590531967,4.571875066428074,0.0
42,6.732800197016202e-05,0.0,0.0,0.0,86464.0,0.0,291136.0,0.0,0.0,0.0,0.0,1.71,1.71,0.98,1048704.0,2342400.0,8928736.0,2.15,6464.0,0.08,7.16,0.0,32.0,65536.0,464064.0,0.0,464064.0,0.4425119004027829,0.19811475409836066,0.05197421001136107,6.41922033358266,0.0
43,2.540799866900952e-05,0.0,0.0,0.0,127232.0,0.0,280320.0,0.0,0.0,0.0,0.0,4.38,4.38,2.44,1048832.0,2310208.0,8396800.0,4.29,2304.0,0.08,10.12,0.0,32.0,65536.0,534784.0,0.0,534784.0,0.5098852819135953,0.2314873812228163,0.0636890243902439,19.60234720693095,0.0
44,2.5023999028898613e-05,0.0,0.0,0.0,171584.0,0.0,320448.0,0.0,0.0,0.0,0.0,2.6,2.6,2.42,1048704.0,2330144.0,9485248.0,4.98,6720.0,0.22,12.01,0.0,32.0,65536.0,663616.0,0.0,663616.0,0.63279628951544,0.28479613277119353,0.06996295721524624,24.6979134295158,0.0
45,2.137599729114239e-05,0.0,0.0,0.0,219520.0,0.0,327296.0,0.0,0.0,0.0,0.0,5.28,5.28,2.99,1048704.0,2366592.0,9488384.0,6.34,2432.0,0.1,13.94,0.0,32.0,65536.0,766336.0,0.0,766336.0,0.7307457585743927,0.32381415977067446,0.0807657025685301,33.388197370153435,0.0
46,1.7919997388630764e-05,0.0,0.0,0.0,271040.0,0.0,352320.0,0.0,0.0,0.0,0.0,2.92,2.75,3.43,1048704.0,2385088.0,10060192.0,6.43,6976.0,0.32,16.2,0.0,32.0,65536.0,894400.0,0.0,894400.0,0.8528621994385451,0.37499664582606596,0.08890486384355288,46.482981703142435,0.0
47,1.2959998305446924e-05,0.0,0.0,0.0,326144.0,0.0,308736.0,0.0,0.0,0.0,0.0,4.49,4.49,4.92,1048704.0,2352672.0,8404992.0,7.37,2560.0,0.17,18.62,0.0,32.0,65536.0,961024.0,0.0,961024.0,0.9163920419870621,0.4084819303328301,0.11433966861598441,69.06045238995893,0.0
48,8.927997516476395e-06,0.0,0.0,0.0,896000.0,0.0,390144.0,0.0,0.0,0.0,0.0,6.33,3.68,8.03,1048704.0,2506240.0,4259840.0,12.95,3072.0,0.31,15.98,0.0,32.0,65536.0,2182144.0,0.0,2182144.0,2.0808006835103137,0.8706843718079673,0.5122596153846154,227.62998808088793,0.0
49,7.199997466390199e-06,0.0,0.0,0.0,2723840.0,0.0,651264.0,0.0,0.0,0.0,0.0,8.3,3.39,11.64,1048704.0,2968416.0,2359296.0,22.18,8192.0,1.03,27.73,0.0,32.0,65536.0,6098944.0,0.0,6098944.0,5.8156963261320636,2.0546122915386524,2.5850694444444446,788.9008649003595,0.0
50,1.0080001414196844e-05,0.0,0.0,0.0,0.0,64.0,895040.0,100448.0,0.0,0.0,3184.0,12.9,3.8,14.91,2408960.0,5531648.0,2454720.0,6.55,17728.0,1.55,24.67,0.0,32.0,32768.0,1096000.0,1630208.0,2726208.0,1.1316950053134962,0.49283830062939654,1.1105983574501368,251.88280727038128,150.61997011036345
51,0.0001948799999998,0.0,0.0,0.0,49280.0,0.0,621696.0,0.0,0.0,0.0,0.0,1.4,1.4,0.84,2408960.0,5164128.0,19333312.0,1.71,2176.0,0.01,4.67,0.0,32.0,65536.0,720256.0,0.0,720256.0,0.298990435706695,0.13947291778979917,0.037254661798247504,3.4420703628024145,0.0
52,0.0001027519984196,0.0,0.0,0.0,86464.0,0.0,639616.0,0.0,0.0,0.0,0.0,4.84,4.84,1.53,2408832.0,5152640.0,20066624.0,2.37,2240.0,0.02,6.92,0.0,32.0,65536.0,812544.0,0.0,812544.0,0.3373186673043201,0.15769469631101726,0.04049231201023152,7.364728489056916,0.0
53,6.819199674276391e-05,0.0,0.0,0.0,127232.0,0.0,658176.0,0.0,0.0,0.0,0.0,2.28,2.28,2.33,2408832.0,5144992.0,20414144.0,3.14,2304.0,0.03,9.04,0.0,32.0,65536.0,912640.0,0.0,912640.0,0.37887241617514217,0.17738414364881422,0.04470625856269065,12.464252039771262,0.0
54,7.244800225769259e-05,0.0,0.0,0.0,171584.0,0.0,677376.0,0.0,0.0,0.0,0.0,2.45,2.45,2.09,2408832.0,5128704.0,20834432.0,2.75,2368.0,0.03,11.19,0.0,32.0,65536.0,1020544.0,0.0,1020544.0,0.42366757000903343,0.19898672257162822,0.04898352880462496,13.119142501785944,0.0
55,3.843199933540735e-05,0.0,0.0,0.0,219520.0,0.0,697216.0,0.0,0.0,0.0,0.0,7.56,7.56,3.93,2408832.0,5196512.0,21292480.0,4.7,2432.0,0.05,13.49,0.0,32.0,65536.0,1136256.0,0.0,1136256.0,0.47170412880599394,0.21865743791219958,0.05336419242850058,27.534889717989447,0.0
56,4.0543997056991055e-05,0.0,0.0,0.0,271040.0,0.0,717696.0,0.0,0.0,0.0,0.0,3.16,3.16,3.65,2408832.0,5172832.0,21666592.0,4.57,2496.0,0.05,15.59,0.0,32.0,65536.0,1259776.0,0.0,1259776.0,0.5229820925660237,0.24353700255488675,0.05814370806447087,28.937892485281804,0.0
57,2.8511996731140083e-05,0.0,0.0,0.0,326144.0,0.0,738816.0,0.0,0.0,0.0,0.0,4.22,3.36,5.18,2408960.0,5172800.0,22091264.0,5.95,2560.0,0.07,17.47,0.0,32.0,65536.0,1391104.0,0.0,1391104.0,0.5774707757704569,0.26892669347355397,0.06297077432961735,45.43934860314099,0.0
58,1.3343998988848291e-05,0.0,0.0,0.0,896000.0,0.0,930816.0,0.0,0.0,0.0,0.0,9.28,4.63,11.44,2408832.0,5375744.0,19704768.0,13.65,3072.0,0.19,14.48,0.0,32.0,65536.0,2722816.0,0.0,2722816.0,1.1303469897444072,0.5065003095385494,0.1381805662467074,190.0344873709469,0.0
59,9.088001388049526e-06,0.0,0.0,0.0,2723840.0,0.0,1437696.0,0.0,0.0,0.0,0.0,13.9,5.41,18.32,2408832.0,5922624.0,13462336.0,24.28,4096.0,0.39,27.29,0.0,32.0,65536.0,6885376.0,0.0,6885376.0,2.8583877995642704,1.1625549756324225,0.5114547727823759,705.601356085607,0.0
60,2.5535997667457035e-05,0.0,0.0,0.0,0.0,128.0,557056.0,16384.0,0.0,0.0,512.0,4.18,1.07,4.64,2097280.0,4740896.0,2101248.0,0.53,1032.0,0.03,24.97,0.0,32.0,4096.0,589952.0,262144.0,852096.0,0.4062862374122673,0.179733113740525,0.4055190058479532,31.07676664424515,9.5606456493036
61,7.6864004189205e-05,0.0,0.0,0.0,98560.0,0.0,538368.0,0.0,0.0,0.0,0.0,5.52,5.52,1.82,2097280.0,4555456.0,16785408.0,4.01,2304.0,0.02,3.94,0.0,32.0,65536.0,735488.0,0.0,735488.0,0.35068660360085446,0.16145211368521614,0.04381710590531967,8.911539087564073,0.0
62,6.847999610877525e-05,0.0,0.0,0.0,172928.0,0.0,582272.0,0.0,0.0,0.0,0.0,3.3,3.3,1.91,2097280.0,4551552.0,17857600.0,4.13,10880.0,0.13,5.73,0.0,32.0,65536.0,928128.0,0.0,928128.0,0.44253890753738173,0.2039146207711128,0.051973837469760774,12.622467985537014,0.0
63,2.56639969715878e-05,0.0,0.0,0.0,254464.0,0.0,560640.0,0.0,0.0,0.0,0.0,8.69,8.69,4.91,2097280.0,4576224.0,16793600.0,8.44,2560.0,0.08,7.98,0.0,32.0,65536.0,1069568.0,0.0,1069568.0,0.5099786389990846,0.2337228247568301,0.0636890243902439,38.813627689759656,0.0
64,2.544000033119372e-05,0.0,0.0,0.0,343168.0,0.0,640896.0,0.0,0.0,0.0,0.0,5.16,5.16,4.89,2097280.0,4542688.0,18970688.0,9.88,11392.0,0.37,9.65,0.0,32.0,65536.0,1327232.0,0.0,1327232.0,0.632834909978639,0.29216886565839434,0.06996224912876117,48.58809383883566,0.0
65,2.134400099306899e-05,0.0,0.0,0.0,439040.0,0.0,654592.0,0.0,0.0,0.0,0.0,10.27,10.27,5.89,2097408.0,4597760.0,18976672.0,12.26,2816.0,0.11,11.29,0.0,32.0,65536.0,1532672.0,0.0,1532672.0,0.7307457585743927,0.33335189309576835,0.08076611114952084,66.87649768872183,0.0
66,1.84319958709065e-05,0.0,0.0,0.0,542080.0,0.0,704640.0,0.0,0.0,0.0,0.0,5.97,5.54,7.05,2097280.0,4598048.0,20120736.0,12.99,11904.0,0.56,13.15,0.0,32.0,65536.0,1788800.0,0.0,1788800.0,0.8529142508391822,0.3890346512259115,0.08890330850720371,90.38358261037497,0.0
67,1.3183996901878665e-05,0.0,0.0,0.0,652288.0,0.0,617472.0,0.0,0.0,0.0,0.0,8.83,8.83,9.81,2097280.0,4607424.0,16809984.0,14.42,3072.0,0.2,15.26,0.0,32.0,65536.0,1922048.0,0.0,1922048.0,0.916447970704913,0.4171632565181759,0.11433966861598441,135.7742045312114,0.0
68,9.440002095035475e-06,0.0,0.0,0.0,1792000.0,0.0,780288.0,0.0,0.0,0.0,0.0,11.8,6.68,13.91,2097280.0,4732736.0,8519680.0,23.65,4096.0,0.38,27.95,0.0,32.0,65536.0,4364288.0,0.0,4364288.0,2.0809276777540435,0.9221490486686771,0.5122596153846154,430.5676943293266,0.0
69,1.049600136952487e-05,0.0,0.0,0.0,5447680.0,0.0,1302528.0,0.0,0.0,0.0,0.0,10.36,4.07,14.7,2097408.0,5630304.0,4718592.0,27.21,12288.0,1.0,27.85,0.0,32.0,65536.0,12197888.0,0.0,12197888.0,5.8156963261320636,2.1664705848920414,2.5850694444444446,1082.3329815881589,0.0
70,1.177600359772899e-05,0.0,0.0,0.0,0.0,128.0,1790080.0,200896.0,0.0,0.0,6368.0,22.29,6.63,23.76,4817536.0,10441984.0,4904864.0,11.38,35495.0,2.71,29.35,0.0,32.0,65536.0,2192000.0,3260416.0,5452416.0,1.1317852113611606,0.5221628380200545,1.111634491802423,431.2123433771638,257.85479753276326
71,0.0001981440012941,0.0,0.0,0.0,98560.0,0.0,1243392.0,0.0,0.0,0.0,0.0,2.74,2.74,1.61,4817536.0,10144544.0,38666304.0,3.33,2304.0,0.01,3.8,0.0,32.0,65536.0,1440512.0,0.0,1440512.0,0.29901426787469776,0.1419986940763429,0.03725497011558177,6.770739138416902,0.0
72,0.000103871996771,0.0,0.0,0.0,172928.0,0.0,1279232.0,0.0,0.0,0.0,0.0,9.77,9.77,2.96,4817536.0,10002368.0,40133472.0,4.76,2432.0,0.02,5.62,0.0,32.0,65536.0,1625088.0,0.0,1625088.0,0.33732762972606745,0.1624703270265601,0.04049208600741047,14.570636814399501,0.0
73,6.736000255416759e-05,0.0,0.0,0.0,254464.0,0.0,1316352.0,0.0,0.0,0.0,0.0,4.51,4.51,4.52,4817536.0,10140960.0,40828512.0,6.18,2560.0,0.03,7.34,0.0,32.0,65536.0,1825280.0,0.0,1825280.0,0.37888248266333663,0.17999084899260032,0.04470601328796896,25.236407430761975,0.0
74,7.068800257982815e-05,0.0,0.0,0.0,343168.0,0.0,1354752.0,0.0,0.0,0.0,0.0,5.01,5.01,4.29,4817536.0,10214944.0,41668576.0,5.58,2688.0,0.03,9.18,0.0,32.0,65536.0,2041088.0,0.0,2041088.0,0.4236788266865053,0.19981391968472856,0.04898386736326195,26.89156945734962,0.0
75,3.769600261570518e-05,0.0,0.0,0.0,439040.0,0.0,1394432.0,0.0,0.0,0.0,0.0,15.13,15.13,7.68,4818048.0,10169984.0,42584224.0,9.33,2816.0,0.06,11.02,0.0,32.0,65536.0,2272512.0,0.0,2272512.0,0.4716665338327887,0.22345285892288522,0.053365114742962086,56.14499097585491,0.0
76,4.108799833493503e-05,0.0,0.0,0.0,542080.0,0.0,1435392.0,0.0,0.0,0.0,0.0,6.31,6.31,7.29,4817664.0,10263808.0,43334144.0,9.09,2944.0,0.06,12.85,0.0,32.0,65536.0,2519552.0,0.0,2519552.0,0.5229820925660237,0.24547926071882872,0.058142419981804645,57.10951495834868,0.0
77,2.8255996073393468e-05,0.0,0.0,0.0,652288.0,0.0,1477632.0,0.0,0.0,0.0,0.0,8.52,6.74,10.18,4817536.0,10176896.0,44182848.0,11.9,3072.0,0.09,14.41,0.0,32.0,65536.0,2782208.0,0.0,2782208.0,0.5775168052714085,0.2733847334196989,0.06297031825562716,91.70206249128323,0.0
78,1.4304003431372932e-05,0.0,0.0,0.0,1792000.0,0.0,1861632.0,0.0,0.0,0.0,0.0,17.58,8.69,20.36,4817664.0,10403328.0,39408896.0,25.63,4096.0,0.25,26.97,0.0,32.0,65536.0,5445632.0,0.0,5445632.0,1.1303469897444072,0.5234509572321473,0.1381828102974516,354.56087793748867,0.0
79,1.417600439917794e-05,0.0,0.0,0.0,5447680.0,0.0,2875392.0,0.0,0.0,0.0,0.0,17.42,6.55,23.08,4817536.0,11640800.0,26927968.0,29.2,4096.0,0.24,27.21,0.0,32.0,65536.0,13770752.0,0.0,13770752.0,2.858463745782076,1.1829729915469727,0.5113921704006779,904.6986616182884,0.0
80,2.585599833252554e-05,0.0,0.0,0.0,0.0,256.0,1114112.0,32768.0,0.0,0.0,1024.0,8.26,2.11,9.07,4194560.0,9006656.0,4202496.0,1.06,2064.0,0.07,24.97,0.0,32.0,8192.0,1179904.0,524288.0,1704192.0,0.4062862374122673,0.18921473186052626,0.4055190058479532,61.38430474303303,18.884641146722494
81,7.891199645747642e-05,0.0,0.0,0.0,197120.0,0.0,1076736.0,0.0,0.0,0.0,0.0,10.73,10.73,3.47,4194432.0,8868384.0,33570816.0,7.76,2560.0,0.03,7.53,0.0,32.0,65536.0,1470976.0,0.0,1470976.0,0.3506973053800848,0.1658674229713102,0.04381710590531967,17.360518261070858,0.0
82,7.139200355930869e-05,0.0,0.0,0.0,345856.0,0.0,1164544.0,0.0,0.0,0.0,0.0,6.28,6.28,3.63,4194432.0,8910368.0,35715168.0,7.86,19712.0,0.22,11.08,0.0,32.0,65536.0,1856256.0,0.0,1856256.0,0.44255241234093196,0.20832540249740528,0.051973884037168745,24.2152206252239,0.0
83,2.636800298492914e-05,0.0,0.0,0.0,508928.0,0.0,1121280.0,0.0,0.0,0.0,0.0,16.62,16.62,9.21,4194432.0,8864256.0,33587200.0,16.05,3072.0,0.1,15.07,0.0,32.0,65536.0,2139136.0,0.0,2139136.0,0.5099942018371021,0.24132155028013633,0.0636890243902439,75.55466555853054,0.0
84,2.646399705084889e-05,0.0,0.0,0.0,686336.0,0.0,1281792.0,0.0,0.0,0.0,0.0,9.77,9.77,9.14,4194432.0,8962016.0,37941280.0,18.64,20736.0,0.64,18.35,0.0,32.0,65536.0,2654464.0,0.0,2654464.0,0.632854221978089,0.2961904999946441,0.06996242614903872,93.4160566128389,0.0
85,2.2432003954844164e-05,0.0,0.0,0.0,878080.0,0.0,1309184.0,0.0,0.0,0.0,0.0,19.38,19.38,10.88,4194432.0,8960704.0,37953664.0,23.04,3584.0,0.13,21.47,0.0,32.0,65536.0,3065344.0,0.0,3065344.0,0.7308126583051054,0.3420874074179886,0.08076543018349955,127.26567238080455,0.0
86,1.9104003872155267e-05,0.0,0.0,0.0,1084160.0,0.0,1409280.0,0.0,0.0,0.0,0.0,10.82,9.94,12.53,4194560.0,9025664.0,40240992.0,23.29,21760.0,0.92,25.13,0.0,32.0,65536.0,3577600.0,0.0,3577600.0,0.8529142508391822,0.39638080921248564,0.08890436895790244,174.4084467968881,0.0
87,1.360000203469445e-05,0.0,0.0,0.0,1304576.0,0.0,1234944.0,0.0,0.0,0.0,0.0,16.76,16.76,18.15,4194432.0,8954336.0,33619968.0,27.24,4096.0,0.26,28.44,0.0,32.0,65536.0,3844096.0,0.0,3844096.0,0.9164759376239738,0.42929995032574164,0.11433966861598441,263.24212118910145,0.0
88,1.4623999657318138e-05,0.0,0.0,0.0,3584000.0,0.0,1560576.0,0.0,0.0,0.0,0.0,14.92,8.23,17.84,4194432.0,9340640.0,17039360.0,28.84,4096.0,0.24,28.28,0.0,32.0,65536.0,8728576.0,0.0,8728576.0,2.080991180689066,0.9344730125558848,0.5122596153846154,555.8752778675636,0.0
89,1.695999628820705e-05,0.0,0.0,0.0,10895360.0,0.0,2605056.0,0.0,0.0,0.0,0.0,12.69,4.78,17.58,4194560.0,10974176.0,9437184.0,32.23,20480.0,1.02,28.32,0.0,32.0,65536.0,24395776.0,0.0,24395776.0,5.816051266402197,2.2230166529131665,2.5850694444444446,1339.642799913868,0.0
90,1.3727996072517378e-05,0.0,0.0,0.0,0.0,256.0,3580160.0,401792.0,0.0,0.0,12736.0,38.0,11.33,38.12,9635072.0,20318720.0,9816544.0,19.2,71598.0,4.66,56.4,418.0,32.0,131072.0,4384000.0,6520832.0,10904832.0,1.1317852113611606,0.5366889252866323,1.1108626416791898,739.7959731588787,442.38052041934776
91,0.0002078720016057,0.0,0.0,0.0,197120.0,0.0,2486784.0,0.0,0.0,0.0,0.0,5.17,5.17,2.97,9634944.0,19892352.0,77332320.0,6.28,2560.0,0.01,7.36,0.0,32.0,65536.0,2881024.0,0.0,2881024.0,0.2990182402720763,0.144830736958606,0.03725510886004713,12.907763760790237,0.0
92,0.0001065280034621,0.0,0.0,0.0,345856.0,0.0,2558464.0,0.0,0.0,0.0,0.0,18.56,18.56,5.66,9635072.0,19907872.0,80266880.0,9.03,2816.0,0.02,11.0,0.0,32.0,65536.0,3250176.0,0.0,3250176.0,0.33732762972606745,0.16326084475528072,0.040492118293373305,28.414709577752998,0.0
93,6.921599803324053e-05,0.0,0.0,0.0,508928.0,0.0,2632704.0,0.0,0.0,0.0,0.0,8.98,8.98,8.81,9634944.0,19921440.0,81656896.0,12.3,3072.0,0.04,14.49,0.0,32.0,65536.0,3650560.0,0.0,3650560.0,0.37888751610803345,0.18324779734798288,0.04470608336618624,49.11940930701492,0.0
94,7.308799650072338e-05,0.0,0.0,0.0,686336.0,0.0,2709504.0,0.0,0.0,0.0,0.0,9.5,9.5,7.85,9634944.0,19943776.0,83336544.0,10.6,3328.0,0.04,17.96,0.0,32.0,65536.0,4082176.0,0.0,4082176.0,0.4236844552495583,0.20468420824622177,0.04898422473578938,52.0170594950689,0.0
95,4.038399610085555e-05,0.0,0.0,0.0,878080.0,0.0,2788864.0,0.0,0.0,0.0,0.0,28.02,28.02,13.89,9634944.0,20004448.0,85168736.0,17.22,3584.0,0.07,21.47,0.0,32.0,65536.0,4545024.0,0.0,4545024.0,0.471722928540114,0.22720067057086504,0.05336493428762404,104.81586425468839,0.0
96,4.2399998354711406e-05,0.0,0.0,0.0,1084160.0,0.0,2870784.0,0.0,0.0,0.0,0.0,12.04,12.04,13.34,9634944.0,20015360.0,86667488.0,17.32,3840.0,0.07,25.22,0.0,32.0,65536.0,5039104.0,0.0,5039104.0,0.5230029359797006,0.2517618469015796,0.05814295667597981,110.6847050269679,0.0
97,2.972800063814689e-05,0.0,0.0,0.0,1304576.0,0.0,2955264.0,0.0,0.0,0.0,0.0,15.77,12.44,18.25,9634944.0,19978624.0,88366208.0,21.92,4096.0,0.11,28.24,0.0,32.0,65536.0,5564416.0,0.0,5564416.0,0.577524477568318,0.278518480552014,0.06296995340119155,174.32273022430215,0.0
98,2.425600265392152e-05,0.0,0.0,0.0,3584000.0,0.0,3723264.0,0.0,0.0,0.0,0.0,20.08,9.75,23.23,9634944.0,20373824.0,78817952.0,28.56,4096.0,0.14,26.96,0.0,32.0,65536.0,10891264.0,0.0,10891264.0,1.1303920396423683,0.5345714186988166,0.13818252978712262,418.1760768259559,0.0
99,2.3647996017062988e-05,0.0,0.0,0.0,10895360.0,0.0,5750784.0,0.0,0.0,0.0,0.0,20.55,7.54,25.17,9634944.0,21962144.0,53851296.0,33.66,4096.0,0.14,27.23,0.0,32.0,65536.0,27541504.0,0.0,27541504.0,2.8585017204043948,1.254044413878718,0.5114362335866531,1084.6595371360418,0.0
100,2.668800438218958e-05,0.0,0.0,0.0,0.0,512.0,2228224.0,65536.0,0.0,0.0,2048.0,16.2,4.14,17.48,8388992.0,17451072.0,8404992.0,2.07,4128.0,0.13,24.97,0.0,32.0,16384.0,2359808.0,1048576.0,3408384.0,0.4062924365644883,0.19531086686250565,0.4055190058479532,118.9412635242445,36.591814285361686
101,8.179199902517857e-05,0.0,0.0,0.0,394240.0,0.0,2153472.0,0.0,0.0,0.0,0.0,20.89,20.89,6.63,8388736.0,17346560.0,67141632.0,15.1,5120.0,0.05,15.0,0.0,32.0,131072.0,2941952.0,0.0,2941952.0,0.3507026565146406,0.16959858323494686,0.04381710590531967,33.49846370904461,0.0
102,7.500800229423201e-05,0.0,0.0,0.0,691712.0,0.0,2329088.0,0.0,0.0,0.0,0.0,12.11,12.11,6.81,8388736.0,17407200.0,71430176.0,15.15,39424.0,0.43,21.88,0.0,32.0,131072.0,3712512.0,0.0,3712512.0,0.4425591650518028,0.21327450710051013,0.05197400045605376,46.09569817055025,0.0
103,2.7839999999988583e-05,0.0,0.0,0.0,1017856.0,0.0,2242560.0,0.0,0.0,0.0,0.0,31.34,31.34,16.85,8388736.0,17414272.0,67174400.0,30.24,6144.0,0.18,29.86,0.0,32.0,131072.0,4278272.0,0.0,4278272.0,0.5100019836123106,0.2456761901961793,0.0636890243902439,143.11965854694492,0.0
104,2.9439999669156974e-05,0.0,0.0,0.0,1372672.0,0.0,2563584.0,0.0,0.0,0.0,0.0,17.75,17.75,16.05,8388736.0,17544768.0,75882336.0,33.81,41472.0,1.17,36.38,0.0,32.0,131072.0,5308928.0,0.0,5308928.0,0.6328638784198239,0.30259322893297874,0.06996263267382807,167.94580669062168,0.0
105,2.6208000336926288e-05,0.0,0.0,0.0,1756160.0,0.0,2618368.0,0.0,0.0,0.0,0.0,33.91,33.91,18.36,8388736.0,17588960.0,75907424.0,40.27,7168.0,0.23,42.65,0.0,32.0,131072.0,6130688.0,0.0,6130688.0,0.7308238094511498,0.3485531833604716,0.08076532803958675,217.85897660721164,0.0
106,2.201600233271847e-05,0.0,0.0,0.0,2168320.0,0.0,2818560.0,0.0,0.0,0.0,0.0,19.35,17.83,21.57,8388736.0,17660512.0,80482368.0,41.68,43520.0,1.65,49.19,0.0,32.0,131072.0,7155200.0,0.0,7155200.0,0.8529532935593634,0.40515246670085214,0.08890394477458714,302.67980467941044,0.0
107,1.6352001001926347e-05,0.0,0.0,0.0,2609152.0,0.0,2469888.0,0.0,0.0,0.0,0.0,27.48,27.48,28.35,8388736.0,17561600.0,67239936.0,44.52,8192.0,0.42,52.46,0.0,32.0,131072.0,7688192.0,0.0,7688192.0,0.9164899217236065,0.43778425655976677,0.11433966861598441,437.8783224594115,0.0
108,1.6928004060247247e-05,0.0,0.0,0.0,7168000.0,0.0,3121152.0,0.0,0.0,0.0,0.0,25.38,14.12,29.02,8388736.0,18365216.0,34078720.0,49.09,8192.0,0.41,52.72,0.0,32.0,131072.0,17457152.0,0.0,17457152.0,2.0810229336100217,0.9505552235269109,0.5122596153846154,960.4345372455142,0.0
109,2.1119996283839087e-05,0.0,0.0,0.0,21790720.0,0.0,5210112.0,0.0,0.0,0.0,0.0,20.28,7.83,27.48,8388736.0,21582752.0,18874368.0,51.74,40960.0,1.64,50.85,0.0,32.0,131072.0,48791552.0,0.0,48791552.0,5.816317500038147,2.2606733376726007,2.5850694444444446,2151.5474348305625,0.0
110,2.2015997577539517e-05,0.0,0.0,0.0,0.0,512.0,7160320.0,803584.0,0.0,0.0,25472.0,45.91,13.79,45.39,19269760.0,39559360.0,19655008.0,22.72,145329.0,5.71,84.1,2572.0,32.0,262144.0,8768000.0,13041664.0,21809664.0,1.1318077651200638,0.5513148847706333,1.1096237661159944,922.5942343262441,551.6895635081834
111,0.0002143680032062,0.0,0.0,0.0,394240.0,0.0,4973568.0,0.0,0.0,0.0,0.0,10.03,10.03,5.58,19269760.0,39176448.0,154641312.0,12.16,5120.0,0.02,14.7,0.0,32.0,131072.0,5762048.0,0.0,5762048.0,0.29902022651034577,0.14707938810583338,0.03726072887948597,25.033238627763467,0.0
112,0.0001140479993651,0.0,0.0,0.0,691712.0,0.0,5116928.0,0.0,0.0,0.0,0.0,34.94,34.94,10.57,19269760.0,39758112.0,160529088.0,16.98,5632.0,0.04,22.01,0.0,32.0,131072.0,6500352.0,0.0,6500352.0,0.3373343518549271,0.16349750209466687,0.04049329676625335,53.08225128234424,0.0
113,7.280000324132451e-05,0.0,0.0,0.0,1017856.0,0.0,5265408.0,0.0,0.0,0.0,0.0,16.99,16.99,15.92,19269760.0,39512096.0,163302592.0,23.11,6144.0,0.07,29.2,0.0,32.0,131072.0,7301120.0,0.0,7301120.0,0.3788900328805341,0.18478189565038514,0.04470914950327304,93.40243919270532,0.0
114,7.913599871736253e-05,0.0,0.0,0.0,1372672.0,0.0,5419008.0,0.0,0.0,0.0,0.0,17.8,17.8,14.48,19269888.0,40078240.0,166666336.0,19.72,6656.0,0.07,35.87,0.0,32.0,131072.0,8164352.0,0.0,8164352.0,0.4236844552495583,0.2037103425699332,0.04898620918863903,96.08326738711875,0.0
115,4.4959996409101286e-05,0.0,0.0,0.0,1756160.0,0.0,5577728.0,0.0,0.0,0.0,0.0,50.68,50.68,23.95,19269760.0,39896064.0,170325440.0,31.04,7168.0,0.13,43.45,0.0,32.0,131072.0,9090048.0,0.0,9090048.0,0.4717260619748248,0.22784322784322783,0.0533687040526653,188.2955423240325,0.0
116,4.659200423409562e-05,0.0,0.0,0.0,2168320.0,0.0,5741568.0,0.0,0.0,0.0,0.0,22.1,22.1,23.57,19269888.0,40442880.0,173312384.0,31.18,7680.0,0.13,50.48,0.0,32.0,131072.0,10078208.0,0.0,10078208.0,0.5230029359797006,0.24919610077224966,0.05815053585553356,201.45221860195647,0.0
117,3.3599997776748005e-05,0.0,0.0,0.0,2609152.0,0.0,5910528.0,0.0,0.0,0.0,0.0,27.75,22.3,30.52,19269760.0,40157984.0,176714784.0,38.56,8192.0,0.19,56.46,0.0,32.0,131072.0,11128832.0,0.0,11128832.0,0.577528313793218,0.27712626211515,0.06297623632893103,308.468248705529,0.0
118,2.8544002878644463e-05,0.0,0.0,0.0,7168000.0,0.0,7446528.0,0.0,0.0,0.0,0.0,32.85,16.03,36.84,19269760.0,40428480.0,157635264.0,46.74,8192.0,0.23,51.85,0.0,32.0,131072.0,21782528.0,0.0,21782528.0,1.1303995483078149,0.5387916636984621,0.1381830908089195,710.7118137859838,0.0
119,2.819199933379257e-05,0.0,0.0,0.0,21790720.0,0.0,11501568.0,0.0,0.0,0.0,0.0,34.59,12.8,40.45,19269760.0,43228704.0,107702208.0,56.6,8192.0,0.24,51.8,0.0,32.0,131072.0,55083008.0,0.0,55083008.0,2.8585207080939252,1.2742229792500834,0.5114380570545035,1819.6669282207943,0.0
120,2.7423999661583484e-05,0.0,0.0,0.0,0.0,1024.0,4456448.0,131072.0,0.0,0.0,4096.0,31.59,8.09,33.17,16777472.0,34434848.0,16809984.0,4.05,8256.0,0.25,24.97,0.0,32.0,32768.0,4719616.0,2097152.0,6816768.0,0.406304835436471,0.19796132104314793,0.4055190058479532,231.4983227340746,71.21955309589677
121,0.0001669119996896,0.0,0.0,0.0,788480.0,0.0,4306944.0,0.0,0.0,0.0,0.0,19.59,19.59,6.13,16777344.0,34338496.0,134282560.0,14.14,10240.0,0.05,26.09,0.0,32.0,262144.0,5883904.0,0.0,5883904.0,0.35070533214315686,0.17135007893182042,0.043817335624224026,32.83054922510613,0.0
122,0.0001462719987312,0.0,0.0,0.0,1383424.0,0.0,4658176.0,0.0,0.0,0.0,0.0,12.04,12.04,6.66,16777344.0,34485696.0,142856512.0,15.02,78848.0,0.43,36.4,0.0,32.0,262144.0,7425024.0,0.0,7425024.0,0.44256254148451624,0.21530735525824968,0.05197539752335546,47.275572414713444,0.0
123,6.124799578127603e-05,0.0,0.0,0.0,2035712.0,0.0,4485120.0,0.0,0.0,0.0,0.0,28.01,28.01,14.75,16777472.0,34468544.0,134348096.0,26.97,12288.0,0.16,47.32,0.0,32.0,262144.0,8556544.0,0.0,8556544.0,0.5100019836123106,0.2482421073544621,0.06368935812830574,130.10878945898142,0.0
124,6.12800000000294e-05,0.0,0.0,0.0,2745344.0,0.0,5127168.0,0.0,0.0,0.0,0.0,16.77,16.77,14.94,16777344.0,34679488.0,151740768.0,31.77,82944.0,1.1,53.11,0.0,32.0,262144.0,10617856.0,0.0,10617856.0,0.6328687067511997,0.3061710714990948,0.06997365401498429,161.36829286572555,0.0
125,4.847999933533269e-05,0.0,0.0,0.0,3512320.0,0.0,5236736.0,0.0,0.0,0.0,0.0,36.19,36.19,19.39,16777344.0,34766336.0,151806144.0,42.86,14336.0,0.25,58.99,0.0,32.0,262144.0,12261376.0,0.0,12261376.0,0.7308293851517856,0.3526795576042296,0.08076995882327398,235.54654334176,0.0
126,3.964799737457104e-05,0.0,0.0,0.0,4336640.0,0.0,5637120.0,0.0,0.0,0.0,0.0,21.12,19.5,23.3,16777344.0,34930304.0,160954464.0,45.47,87040.0,1.8,61.87,0.0,32.0,262144.0,14310400.0,0.0,14310400.0,0.8529598010269087,0.4096843817906652,0.08890961856143362,336.1480895457595,0.0
127,2.6240002982080948e-05,0.0,0.0,0.0,5218304.0,0.0,4939776.0,0.0,0.0,0.0,0.0,34.04,34.04,34.5,16777344.0,34779328.0,134479872.0,54.85,16384.0,0.52,69.95,0.0,32.0,262144.0,15376384.0,0.0,15376384.0,0.9164969139334569,0.44211274007364376,0.11433966861598441,545.7458806287293,0.0
128,2.7199996725046724e-05,0.0,0.0,0.0,14336000.0,0.0,6242304.0,0.0,0.0,0.0,0.0,30.72,17.09,34.55,16777344.0,36280448.0,68157440.0,58.96,16384.0,0.49,70.31,0.0,32.0,262144.0,34914304.0,0.0,34914304.0,2.0810388104338804,0.9623448971743679,0.5122596153846154,1195.4589487963126,0.0
129,3.44e-05,0.0,0.0,0.0,43581440.0,0.0,10420224.0,0.0,0.0,0.0,0.0,24.3,9.37,32.52,16777344.0,42730752.0,37749504.0,61.49,81920.0,1.95,71.62,0.0,32.0,262144.0,97583104.0,0.0,97583104.0,5.8163618746805215,2.2836739217695023,2.585016852141951,2641.8996411700577,0.0
130,3.3888003388312266e-05,0.0,0.0,0.0,0.0,1024.0,14320640.0,1607168.0,0.0,0.0,50944.0,58.71,17.59,57.46,38541440.0,78280224.0,39310496.0,27.99,291052.0,7.28,87.65,3930.0,32.0,524288.0,17536000.0,26083328.0,43619328.0,1.13175138240813,0.5572202757110148,1.109610217077902,1198.7624172030107,716.8316146910602
131,0.0004361920029398,0.0,0.0,0.0,788480.0,0.0,9947136.0,0.0,0.0,0.0,0.0,10.04,10.04,5.68,38876800.0,78472448.0,309246304.0,12.17,10240.0,0.02,25.6,0.0,32.0,262144.0,11524096.0,0.0,11524096.0,0.2964260432957445,0.14685531410973696,0.037265105034206006,24.605335917442712,0.0
132,0.0002399040017845,0.0,0.0,0.0,1383424.0,0.0,10233856.0,0.0,0.0,0.0,0.0,31.17,31.17,9.42,39163136.0,79719328.0,321068896.0,15.14,11264.0,0.03,35.89,0.0,32.0,262144.0,13000704.0,0.0,13000704.0,0.33196279276511464,0.16308095321626395,0.04049194475692843,50.46955878614288,0.0
133,0.000142176001266,0.0,0.0,0.0,2035712.0,0.0,10530816.0,0.0,0.0,0.0,0.0,17.01,17.01,16.36,39452416.0,80158240.0,326591584.0,23.1,12288.0,0.07,45.05,0.0,32.0,262144.0,14602240.0,0.0,14602240.0,0.37012283354205733,0.18216767234410336,0.044711011291705544,95.65183737661701,0.0
134,0.0001562559974441,0.0,0.0,0.0,2745344.0,0.0,10838016.0,0.0,0.0,0.0,0.0,18.03,18.03,14.71,39677440.0,81345280.0,333309312.0,19.89,13312.0,0.07,55.46,0.0,32.0,262144.0,16328704.0,0.0,16328704.0,0.41153622814375124,0.2007332693427326,0.048989642389589166,97.3229245479324,0.0
135,9.09759969806954e-05,0.0,0.0,0.0,3512320.0,0.0,11155456.0,0.0,0.0,0.0,0.0,51.53,51.53,25.23,39928320.0,81697184.0,340642400.0,31.49,14336.0,0.13,60.62,0.0,32.0,262144.0,18180096.0,0.0,18180096.0,0.4553183304481631,0.22253026493544747,0.053370032620718974,186.1099012420753,0.0
136,9.139199775707232e-05,0.0,0.0,0.0,4336640.0,0.0,11483136.0,0.0,0.0,0.0,0.0,22.31,22.31,24.36,40213632.0,82681632.0,346603168.0,31.23,15360.0,0.13,72.01,0.0,32.0,262144.0,20156416.0,0.0,20156416.0,0.5012334125900392,0.24378348022932106,0.05815415974501422,205.4022858110458,0.0
137,6.294399772197504e-05,0.0,0.0,0.0,5218304.0,0.0,11821056.0,0.0,0.0,0.0,0.0,31.68,24.49,34.95,40224896.0,82926816.0,353405792.0,42.1,16384.0,0.21,72.7,0.0,32.0,262144.0,22257664.0,0.0,22257664.0,0.5533305542915512,0.2684012852971468,0.06298047316666502,329.32552255366693,0.0
138,4.966400161915298e-05,0.0,0.0,0.0,14336000.0,0.0,14893056.0,0.0,0.0,0.0,0.0,38.41,18.92,41.87,38681984.0,80868288.0,315261536.0,54.3,16384.0,0.27,69.43,0.0,32.0,262144.0,43565056.0,0.0,43565056.0,1.1262363378258984,0.5387161899606432,0.13818703211545605,816.9522953128375,0.0
139,4.847999738098727e-05,0.0,0.0,0.0,43581440.0,0.0,23003136.0,0.0,0.0,0.0,0.0,40.63,14.69,45.83,39611648.0,86027232.0,215408640.0,64.6,16384.0,0.28,69.35,0.0,32.0,262144.0,110166016.0,0.0,110166016.0,2.781152049013462,1.2805946842506801,0.5114280281422323,2116.338762354954,0.0
140,3.2160000334045695e-05,0.0,0.0,0.0,0.0,2048.0,8912896.0,262144.0,0.0,0.0,8192.0,53.09,13.62,53.56,33557120.0,68350880.0,33619968.0,6.8,16559.0,0.43,29.74,0.0,32.0,65536.0,9439232.0,4194304.0,13633536.0,0.4062784887380085,0.19946394252714816,0.4055190058479532,394.8140459187463,121.46299625080252
141,0.0001859840031463,0.0,0.0,0.0,1576960.0,0.0,8613888.0,0.0,0.0,0.0,0.0,35.6,35.6,11.0,33555456.0,68131520.0,268566624.0,25.67,20480.0,0.09,31.77,0.0,32.0,524288.0,11767808.0,0.0,11767808.0,0.3506973053800848,0.17272193545659922,0.04381709024275481,58.927784426273966,0.0
142,0.0001553919987256,0.0,0.0,0.0,2766848.0,0.0,9316352.0,0.0,0.0,0.0,0.0,22.85,22.85,12.45,33557888.0,68747584.0,285680160.0,28.36,157696.0,0.81,47.94,0.0,32.0,524288.0,14850048.0,0.0,14850048.0,0.44252033977823635,0.21600828910583972,0.05198137665562775,89.00191161673364,0.0
143,6.687999574978653e-05,0.0,0.0,0.0,4071424.0,0.0,8970240.0,0.0,0.0,0.0,0.0,51.69,51.69,26.85,33558400.0,68283104.0,268699872.0,49.69,24576.0,0.3,57.51,0.0,32.0,524288.0,17113088.0,0.0,17113088.0,0.5099494612377229,0.2506196554860775,0.0636884858657469,238.3045183706089,0.0
144,7.062400353292225e-05,0.0,0.0,0.0,5490688.0,0.0,10254336.0,0.0,0.0,0.0,0.0,28.96,28.96,25.28,33560576.0,69368608.0,303492128.0,54.54,165888.0,1.89,69.71,0.0,32.0,524288.0,21235712.0,0.0,21235712.0,0.63275767376579,0.3061285589008792,0.06997121190570056,280.03648878972683,0.0
145,7.113600227762254e-05,0.0,0.0,0.0,7024640.0,0.0,10473472.0,0.0,0.0,0.0,0.0,48.37,48.37,25.42,33560832.0,69100416.0,303628864.0,57.13,28672.0,0.33,69.56,0.0,32.0,524288.0,24522752.0,0.0,24522752.0,0.7306955918136953,0.35488573614375923,0.08076554935172435,321.0553277954063,0.0
146,5.923199739685422e-05,0.0,0.0,0.0,8673280.0,0.0,11274240.0,0.0,0.0,0.0,0.0,28.09,25.96,30.5,33556096.0,69244448.0,321926560.0,60.25,174080.0,2.39,73.32,0.0,32.0,524288.0,28620800.0,0.0,28620800.0,0.8529240111841377,0.41332988891759237,0.08890474895889298,450.01347776548783,0.0
147,4.057600032934679e-05,0.0,0.0,0.0,10436608.0,0.0,9879552.0,0.0,0.0,0.0,0.0,43.89,43.89,43.81,33577600.0,68833856.0,268959744.0,70.35,32768.0,0.66,81.74,0.0,32.0,524288.0,30752768.0,0.0,30752768.0,0.9158715334032212,0.44676805553360255,0.11433966861598441,705.8543680461758,0.0
148,4.368000297428496e-05,0.0,0.0,0.0,28672000.0,0.0,12484608.0,0.0,0.0,0.0,0.0,38.8,21.53,43.01,33757824.0,72160480.0,136314880.0,73.94,32768.0,0.62,82.92,0.0,32.0,524288.0,69828608.0,0.0,69828608.0,2.0685162645554405,0.9676849156214038,0.5122596153846154,1488.8496922186757,0.0
149,5.7856003900704754e-05,0.0,0.0,0.0,87162880.0,0.0,20840448.0,0.0,0.0,0.0,0.0,30.86,11.04,37.52,36053888.0,84742368.0,75500032.0,72.4,163840.0,2.3,83.49,0.0,32.0,524288.0,195166208.0,0.0,195166208.0,5.413180625623511,2.30305350919625,2.584981791795797,3141.639295110147,0.0
150,5.7119999664948666e-05,0.0,0.0,0.0,0.0,2048.0,28641280.0,3214336.0,0.0,0.0,101888.0,68.98,20.7,67.23,77094912.0,155175104.0,78579456.0,32.33,582342.0,8.55,92.3,6691.0,32.0,1048576.0,35072000.0,52166656.0,87238656.0,1.131574752948677,0.5621949252890464,1.1101967414994576,1422.397237193455,850.5599555318846
151,0.0004729279996802,0.0,0.0,0.0,1576960.0,0.0,19894272.0,0.0,0.0,0.0,0.0,18.18,18.18,10.21,78032512.0,157277856.0,618498176.0,22.02,20480.0,0.03,34.84,0.0,32.0,524288.0,23048192.0,0.0,23048192.0,0.29536652619872084,0.14654441881506827,0.037264769556895186,45.388096133421975,0.0
152,0.0002990080015935,0.0,0.0,0.0,2766848.0,0.0,20467712.0,0.0,0.0,0.0,0.0,53.61,53.61,16.12,78846080.0,158931392.0,642125600.0,26.01,22528.0,0.06,47.74,0.0,32.0,524288.0,26001408.0,0.0,26001408.0,0.3297742639837009,0.16360146144066995,0.040492713575038905,80.98679002948099,0.0
153,0.0001619520032176,0.0,0.0,0.0,4071424.0,0.0,21061632.0,0.0,0.0,0.0,0.0,30.37,30.37,28.97,79671296.0,160561632.0,653143040.0,41.18,24576.0,0.12,57.96,0.0,32.0,524288.0,29204480.0,0.0,29204480.0,0.3665621304817233,0.18188953136699557,0.04471375826036514,167.94353242646673,0.0
154,0.0001729599990219,0.0,0.0,0.0,5490688.0,0.0,21676032.0,0.0,0.0,0.0,0.0,33.21,33.21,27.13,80491520.0,162383040.0,666649344.0,36.61,26624.0,0.13,71.5,0.0,32.0,524288.0,32657408.0,0.0,32657408.0,0.4057248266649704,0.20111341677061842,0.04898738488820893,175.8474876897812,0.0
155,0.000140351996747,0.0,0.0,0.0,7024640.0,0.0,22310912.0,0.0,0.0,0.0,0.0,64.82,64.82,31.88,81000832.0,164543072.0,681246592.0,39.54,28672.0,0.17,74.09,0.0,32.0,524288.0,36360192.0,0.0,36360192.0,0.44888664847294407,0.22097674218699406,0.053373025901317095,241.27243225470494,0.0
156,0.0001401919961324,0.0,0.0,0.0,8673280.0,0.0,22966272.0,0.0,0.0,0.0,0.0,29.29,29.29,31.77,81315712.0,165080512.0,693181696.0,40.9,30720.0,0.18,78.29,0.0,32.0,524288.0,40312832.0,0.0,40312832.0,0.4957569823652285,0.24420103567403523,0.05815622690648773,267.8059484424756,0.0
157,9.763200419707744e-05,0.0,0.0,0.0,10436608.0,0.0,23642112.0,0.0,0.0,0.0,0.0,40.67,31.4,44.5,80622720.0,165054496.0,706795616.0,53.79,32768.0,0.27,82.35,0.0,32.0,524288.0,44515328.0,0.0,44515328.0,0.5521437133353972,0.269700790216584,0.06298189602805912,424.6366775296981,0.0
158,8.09279996753153e-05,0.0,0.0,0.0,28672000.0,0.0,29786112.0,0.0,0.0,0.0,0.0,47.87,23.37,51.13,78296960.0,161017984.0,630479168.0,66.75,32768.0,0.33,79.98,0.0,32.0,524288.0,87130112.0,0.0,87130112.0,1.112816027595452,0.5411203757215095,0.13819665489724792,1002.696724989315,0.0
159,8.076800032108047e-05,0.0,0.0,0.0,87162880.0,0.0,46006272.0,0.0,0.0,0.0,0.0,49.9,17.33,54.06,82436096.0,171622624.0,430804896.0,75.96,32768.0,0.33,80.75,0.0,32.0,524288.0,220332032.0,0.0,220332032.0,2.67276160190798,1.283816940125563,0.5114427297502209,2540.61255072255,0.0
160,4.77120040619351e-05,0.0,0.0,0.0,0.0,4096.0,17825792.0,524288.0,0.0,0.0,16384.0,72.63,18.6,69.94,67111168.0,135291808.0,67239936.0,9.24,33389.0,0.59,58.96,0.0,32.0,131072.0,18878464.0,8388608.0,27267072.0,0.40629708605280124,0.20154266842231866,0.4055190058479532,532.2442474707418,163.74285996996835
161,0.0003003519964544,0.0,0.0,0.0,3153920.0,0.0,17227776.0,0.0,0.0,0.0,0.0,45.18,45.18,13.82,67140992.0,135258688.0,537131328.0,32.55,40960.0,0.11,43.52,0.0,32.0,1048576.0,23535616.0,0.0,23535616.0,0.35054018862277164,0.17400446764647015,0.04381724686890726,72.9785410020042,0.0
162,0.000240895998082,0.0,0.0,0.0,5533696.0,0.0,18632704.0,0.0,0.0,0.0,0.0,29.68,29.68,16.03,67397376.0,137497440.0,571472352.0,36.71,315392.0,1.05,60.02,0.0,32.0,1048576.0,29700096.0,0.0,29700096.0,0.4406713994325239,0.21600471979696495,0.05197118617559997,114.82287000729418,0.0
163,0.00012096,0.0,0.0,0.0,8142848.0,0.0,17940480.0,0.0,0.0,0.0,0.0,55.89,55.89,28.81,67259008.0,135915552.0,537389792.0,53.61,49152.0,0.32,62.82,0.0,32.0,1048576.0,34226176.0,0.0,34226176.0,0.5088712578098089,0.25181942387284717,0.06368966532211315,263.5219109752191,0.0
164,0.0001309759980732,0.0,0.0,0.0,10981376.0,0.0,20508672.0,0.0,0.0,0.0,0.0,31.29,31.29,27.07,67327232.0,138244288.0,607054208.0,58.76,331776.0,2.03,73.64,0.0,32.0,1048576.0,42471424.0,0.0,42471424.0,0.6308208838884094,0.30722010011726486,0.0699631489911359,301.99881298220237,0.0
165,0.0001151360012974,0.0,0.0,0.0,14049280.0,0.0,20946944.0,0.0,0.0,0.0,0.0,59.67,59.67,31.06,67393408.0,137717984.0,607277216.0,70.33,57344.0,0.4,78.86,0.0,32.0,1048576.0,49045504.0,0.0,49045504.0,0.7277492777928666,0.35612998807766455,0.08076295752218704,396.7237401324031,0.0
166,0.0001018879974223,0.0,0.0,0.0,17346560.0,0.0,22548480.0,0.0,0.0,0.0,0.0,32.58,29.95,34.93,67488768.0,138178752.0,643847808.0,69.32,348160.0,2.75,83.09,0.0,32.0,1048576.0,57241600.0,0.0,57241600.0,0.8481648383328023,0.41425761321103843,0.08890548245836383,523.225459679527,0.0
167,7.139199967611177e-05,0.0,0.0,0.0,20873216.0,0.0,19759104.0,0.0,0.0,0.0,0.0,49.18,49.18,48.69,67651200.0,137000704.0,537919488.0,78.58,65536.0,0.74,88.57,0.0,32.0,1048576.0,61505536.0,0.0,61505536.0,0.9091566151080838,0.44894321126992165,0.11433966861598441,802.3517256905155,0.0
168,7.827199934907289e-05,0.0,0.0,0.0,57344000.0,0.0,24969216.0,0.0,0.0,0.0,0.0,44.1,23.68,46.89,69557120.0,143322752.0,272629760.0,81.21,65536.0,0.68,89.13,0.0,32.0,1048576.0,139657216.0,0.0,139657216.0,2.0078061886403575,0.9744246049643256,0.5122596153846154,1661.7170769931354,0.0
169,0.0001063679961151,0.0,0.0,0.0,174325760.0,0.0,41680896.0,0.0,0.0,0.0,0.0,36.22,11.96,40.58,78040320.0,168533120.0,150998016.0,78.38,327680.0,2.49,89.6,0.0,32.0,1048576.0,390332416.0,0.0,390332416.0,5.001676261706769,2.316057615262804,2.585016852141951,3417.6199975755108,0.0
170,0.0001058239999997,0.0,0.0,0.0,0.0,4096.0,57282560.0,6428672.0,0.0,0.0,203776.0,72.77,21.81,70.89,154176000.0,310509312.0,157199776.0,33.78,1162255.0,8.99,95.65,12345.0,32.0,2097152.0,70144000.0,104333312.0,174477312.0,1.1316762141967622,0.5619068583682283,1.109908146434,1535.5180244962276,918.2035148007585
171,0.0006814399958143,0.0,0.0,0.0,3153920.0,0.0,39788544.0,0.0,0.0,0.0,0.0,25.37,25.37,14.01,155962880.0,313458528.0,1236996416.0,30.72,40960.0,0.05,48.65,0.0,32.0,1048576.0,46096384.0,0.0,46096384.0,0.29555996914137517,0.1470573612851267,0.03726476762888212,62.99982873186507,0.0
172,0.0004580800022468,0.0,0.0,0.0,5533696.0,0.0,40935424.0,0.0,0.0,0.0,0.0,70.5,70.5,20.95,157925248.0,317351616.0,1284247456.0,34.19,45056.0,0.08,62.06,0.0,32.0,1048576.0,52002816.0,0.0,52002816.0,0.32928753735438177,0.1638649793420305,0.04049283162449963,105.72693906485267,0.0
173,0.0003001599974245,0.0,0.0,0.0,8142848.0,0.0,42123264.0,0.0,0.0,0.0,0.0,32.8,32.8,30.9,159577856.0,320876480.0,1306288736.0,44.43,49152.0,0.13,70.03,0.0,32.0,1048576.0,58408960.0,0.0,58408960.0,0.36602171168410735,0.182029421414745,0.04471366734651228,181.22862298296513,0.0
174,0.0003277759958361,0.0,0.0,0.0,10981376.0,0.0,43352064.0,0.0,0.0,0.0,0.0,34.47,34.47,27.94,160485248.0,324309824.0,1333296224.0,37.98,53248.0,0.13,75.7,0.0,32.0,1048576.0,65314816.0,0.0,65314816.0,0.40698330104459196,0.2013963536300399,0.04898747541941587,185.5815049619224,0.0
175,0.0002320639993612,0.0,0.0,0.0,14049280.0,0.0,44621824.0,0.0,0.0,0.0,0.0,77.03,77.03,37.88,163155584.0,329155456.0,1362491232.0,46.92,57344.0,0.2,83.59,0.0,32.0,1048576.0,72720384.0,0.0,72720384.0,0.4457118917854506,0.22093020994918583,0.053373102367237836,291.84248931473746,0.0
176,0.0002386880019302,0.0,0.0,0.0,17346560.0,0.0,45932544.0,0.0,0.0,0.0,0.0,34.42,34.42,37.29,163472128.0,331182816.0,1386328704.0,47.94,61440.0,0.21,84.98,0.0,32.0,1048576.0,80625664.0,0.0,80625664.0,0.49320740475097996,0.24344760689515968,0.05815768206152644,314.58850201662324,0.0
177,0.0001724160003222,0.0,0.0,0.0,20873216.0,0.0,47284224.0,0.0,0.0,0.0,0.0,45.96,35.58,49.83,161297792.0,331587328.0,1413565600.0,60.67,65536.0,0.31,92.07,0.0,32.0,1048576.0,89030656.0,0.0,89030656.0,0.5519645055029644,0.26849836674096306,0.06298303807053596,480.90815011760156,0.0
178,0.0001468800022716,0.0,0.0,0.0,57344000.0,0.0,59572224.0,0.0,0.0,0.0,0.0,53.12,25.81,56.32,157541632.0,321417728.0,1261001664.0,73.46,65536.0,0.36,86.47,0.0,32.0,1048576.0,174260224.0,0.0,174260224.0,1.1061217392999967,0.5421612089797362,0.13819190646206791,1104.9324479764805,0.0
179,0.0001496959980635,0.0,0.0,0.0,174325760.0,0.0,92012544.0,0.0,0.0,0.0,0.0,55.25,18.83,58.26,167983744.0,342722144.0,861600576.0,82.35,65536.0,0.35,86.02,0.0,32.0,1048576.0,440664064.0,0.0,440664064.0,2.623254212026611,1.285776456860634,0.511448200331751,2741.558865527661,0.0
180,9.196800228077537e-05,0.0,0.0,0.0,0.0,8192.0,35651584.0,1048576.0,0.0,0.0,32768.0,72.52,18.57,69.36,134221696.0,268577984.0,134479872.0,9.12,66959.0,0.59,96.79,0.0,32.0,262144.0,37756928.0,16777216.0,54534144.0,0.40629902337100554,0.20304770773765285,0.4055190058479532,552.2451084614671,169.89604658691374
181,0.0004358080006469,0.0,0.0,0.0,6307840.0,0.0,34455552.0,0.0,0.0,0.0,0.0,62.45,62.45,18.86,134301568.0,270024224.0,1074264800.0,44.96,81920.0,0.15,60.39,0.0,32.0,2097152.0,47071232.0,0.0,47071232.0,0.3504890724730779,0.17432225636171073,0.04381715941916742,100.59131753315675,0.0
182,0.0004162240019293,0.0,0.0,0.0,11067392.0,0.0,37265408.0,0.0,0.0,0.0,0.0,34.63,34.63,18.73,136076928.0,276476064.0,1142877792.0,42.74,630784.0,1.22,71.29,0.0,32.0,2097152.0,59400192.0,0.0,59400192.0,0.43651920184441556,0.21484750303736963,0.0519742289296317,132.91097939971888,0.0
183,0.0002016319980592,0.0,0.0,0.0,16285696.0,0.0,35880960.0,0.0,0.0,0.0,0.0,68.05,68.05,34.76,134583808.0,270690144.0,1074790944.0,65.17,98304.0,0.39,77.17,0.0,32.0,2097152.0,68452352.0,0.0,68452352.0,0.5086224934280356,0.2528808437147974,0.06368899215436635,316.1761095300329,0.0
184,0.0002371199967737,0.0,0.0,0.0,21962752.0,0.0,41017344.0,0.0,0.0,0.0,0.0,34.81,34.81,29.96,134847104.0,276948800.0,1214081376.0,65.18,663552.0,2.26,81.43,0.0,32.0,2097152.0,84942848.0,0.0,84942848.0,0.629919705209242,0.3067095723108387,0.06996470720921429,333.6251390473433,0.0
185,0.0002145280009648,0.0,0.0,0.0,28098560.0,0.0,41893888.0,0.0,0.0,0.0,0.0,63.5,63.5,32.96,135091456.0,274941888.0,1214515936.0,74.75,114688.0,0.43,83.15,0.0,32.0,2097152.0,98091008.0,0.0,98091008.0,0.7261081559443701,0.3567699658772984,0.08076551743162964,425.8389101018893,0.0
186,0.0001890239974172,0.0,0.0,0.0,34693120.0,0.0,45096960.0,0.0,0.0,0.0,0.0,35.31,32.39,37.62,135407104.0,275959872.0,1287462176.0,74.82,696320.0,2.97,88.35,0.0,32.0,2097152.0,114483200.0,0.0,114483200.0,0.8454741045196565,0.4148545191382028,0.08892160261801742,564.0595375776184,0.0
187,0.0001337600029105,0.0,0.0,0.0,41746432.0,0.0,39518208.0,0.0,0.0,0.0,0.0,52.47,52.47,51.72,135779840.0,273423648.0,1075838976.0,83.69,131072.0,0.79,91.81,0.0,32.0,2097152.0,123011072.0,0.0,123011072.0,0.9059597654556082,0.4498918542700447,0.11433966861598441,856.4816521266458,0.0
188,0.0001473600035453,0.0,0.0,0.0,114688000.0,0.0,49938432.0,0.0,0.0,0.0,0.0,47.03,24.91,49.24,140819584.0,286044896.0,545259520.0,85.38,131072.0,0.72,92.42,0.0,32.0,2097152.0,279314432.0,0.0,279314432.0,1.983491387107066,0.9764706027126595,0.5122596153846154,1765.281146030461,0.0
189,0.0002034240003223,0.0,0.0,0.0,348651520.0,0.0,83361792.0,0.0,0.0,0.0,0.0,39.11,12.43,42.02,161866368.0,336596640.0,301999488.0,81.48,655360.0,2.59,93.0,0.0,32.0,2097152.0,780664832.0,0.0,780664832.0,4.822897070254891,2.319288843762671,2.5849872699121925,3574.0658924122945,0.0
190,0.0002006079960883,0.0,0.0,0.0,0.0,8192.0,114565120.0,12857344.0,0.0,0.0,407552.0,76.49,22.94,74.1,308345728.0,618821184.0,314424672.0,35.34,2325156.0,9.44,96.63,23457.0,32.0,4194304.0,140288000.0,208666624.0,348954624.0,1.1316992334007625,0.5639021950483195,1.1098194737084754,1620.0217597737646,968.7347527984913
191,0.0009617920041861,0.0,0.0,0.0,6307840.0,0.0,79577088.0,0.0,0.0,0.0,0.0,35.95,35.95,19.78,312492160.0,625574112.0,2473986304.0,43.52,81920.0,0.07,61.84,0.0,32.0,2097152.0,92192768.0,0.0,92192768.0,0.295024259168614,0.1473730549770576,0.03726486595780281,89.27211463703743,0.0
192,0.0007694720009644,0.0,0.0,0.0,11067392.0,0.0,81870848.0,0.0,0.0,0.0,0.0,83.93,83.93,24.84,316217728.0,634409024.0,2568496288.0,40.69,90112.0,0.09,73.63,0.0,32.0,2097152.0,104005632.0,0.0,104005632.0,0.32890512703955677,0.16394097193674217,0.04049280993159839,125.88215405804142,0.0
193,0.0004888639977523,0.0,0.0,0.0,16285696.0,0.0,84246528.0,0.0,0.0,0.0,0.0,40.2,40.2,37.79,319912704.0,641442592.0,2612547264.0,54.4,98304.0,0.16,79.31,0.0,32.0,2097152.0,116817920.0,0.0,116817920.0,0.3651556144516224,0.1821174980535125,0.04471418435551794,222.54689753355464,0.0
194,0.0005863039958187,0.0,0.0,0.0,21962752.0,0.0,86704128.0,0.0,0.0,0.0,0.0,38.68,38.68,31.35,323362432.0,650295904.0,2666586272.0,42.59,106496.0,0.15,83.12,0.0,32.0,2097152.0,130629632.0,0.0,130629632.0,0.40397281524651574,0.20087721788879667,0.04898758887782949,207.50041968489725,0.0
195,0.0004158399977526,0.0,0.0,0.0,28098560.0,0.0,89243648.0,0.0,0.0,0.0,0.0,86.42,86.42,42.39,326544384.0,657278656.0,2724983712.0,52.6,114688.0,0.22,87.17,0.0,32.0,2097152.0,145440768.0,0.0,145440768.0,0.4453935670809148,0.22127718080046707,0.05337307792319017,325.7317026737734,0.0
196,0.0004399360009668,0.0,0.0,0.0,34693120.0,0.0,91865088.0,0.0,0.0,0.0,0.0,37.44,37.44,40.39,327473664.0,662863104.0,2772730816.0,52.07,122880.0,0.22,90.31,0.0,32.0,2097152.0,161251328.0,0.0,161251328.0,0.4924100644624662,0.24326490194874387,0.05815614233790807,341.36101983719715,0.0
197,0.000333120003869,0.0,0.0,0.0,41746432.0,0.0,94568448.0,0.0,0.0,0.0,0.0,47.81,36.93,51.84,323311488.0,663450880.0,2827146016.0,62.92,131072.0,0.32,93.99,0.0,32.0,2097152.0,178061312.0,0.0,178061312.0,0.5507422983992453,0.26838657897326174,0.06298270800032141,497.816155154897,0.0
198,0.0002795199990337,0.0,0.0,0.0,114688000.0,0.0,119144448.0,0.0,0.0,0.0,0.0,55.61,26.94,58.67,316028928.0,641672160.0,2522041056.0,76.6,131072.0,0.38,88.71,0.0,32.0,2097152.0,348520448.0,0.0,348520448.0,1.1028118539831897,0.5431441002520664,0.1381898392061703,1161.2226747981879,0.0
199,0.0002869440000002,0.0,0.0,0.0,348651520.0,0.0,184025088.0,0.0,0.0,0.0,0.0,57.87,19.54,60.46,339078400.0,685560064.0,1723179712.0,85.39,131072.0,0.37,88.64,0.0,32.0,2097152.0,881328128.0,0.0,881328128.0,2.5991868783148675,1.2855593175275741,0.5114545638290338,2860.491180332845,0.0
200,0.0001570239987166,0.0,0.0,0.0,0.0,16384.0,71303168.0,2097152.0,0.0,0.0,65536.0,83.85,21.43,79.62,268491520.0,537208992.0,268960800.0,10.34,135126.0,0.69,97.59,0.0,32.0,524288.0,75513856.0,33554432.0,109068288.0,0.4062261929166329,0.20302766637234546,0.4055174136900247,646.8932113516739,199.01416506658077
201,0.0007532799971263,0.0,0.0,0.0,12615680.0,0.0,68911104.0,0.0,0.0,0.0,0.0,71.47,71.47,21.47,268652928.0,539245984.0,2148531744.0,51.42,163840.0,0.17,70.85,0.0,32.0,4194304.0,94142464.0,0.0,94142464.0,0.35042411300278103,0.17458166920720172,0.043817115694428393,116.39364152453989,0.0
202,0.0007643839987172,0.0,0.0,0.0,22134784.0,0.0,74530816.0,0.0,0.0,0.0,0.0,37.62,37.62,20.35,273500160.0,554003424.0,2285781696.0,46.37,1261568.0,1.32,78.5,0.0,32.0,4194304.0,118800384.0,0.0,118800384.0,0.43437043693137145,0.21443980100743926,0.051973635193550874,144.74593879237085,0.0
203,0.0003743360038601,0.0,0.0,0.0,32571392.0,0.0,71761920.0,0.0,0.0,0.0,0.0,72.95,72.95,37.14,269346944.0,540760096.0,2149587296.0,69.79,196608.0,0.42,83.71,0.0,32.0,4194304.0,136904704.0,0.0,136904704.0,0.5082838586057987,0.25317087006360767,0.06368883192357683,340.60961299865045,0.0
204,0.0004535040035336,0.0,0.0,0.0,43925504.0,0.0,82034688.0,0.0,0.0,0.0,0.0,36.32,36.32,31.16,269860864.0,553919200.0,2428193888.0,67.91,1327104.0,2.35,85.25,0.0,32.0,4194304.0,169885696.0,0.0,169885696.0,0.629530690304171,0.3066976122149223,0.06996381007281409,348.879795010101,0.0
205,0.0004137280038558,0.0,0.0,0.0,56197120.0,0.0,83787776.0,0.0,0.0,0.0,0.0,65.86,65.86,34.13,270490240.0,549325792.0,2429053440.0,77.48,229376.0,0.45,85.65,0.0,32.0,4194304.0,196182016.0,0.0,196182016.0,0.7252831599395232,0.35713235907918195,0.08076480030015314,441.6155989722561,0.0
206,0.0003649600000007,0.0,0.0,0.0,69386240.0,0.0,90193920.0,0.0,0.0,0.0,0.0,36.54,33.48,38.82,271213824.0,551401056.0,2575301760.0,77.27,1392640.0,3.07,90.85,0.0,32.0,4194304.0,228966400.0,0.0,228966400.0,0.8442283531978075,0.4152447615189188,0.08890857124254052,584.2875305458913,0.0
207,0.0002573759977494,0.0,0.0,0.0,83492864.0,0.0,79036416.0,0.0,0.0,0.0,0.0,54.27,54.27,53.38,272135424.0,545965632.0,2151677952.0,86.49,262144.0,0.82,93.56,0.0,32.0,4194304.0,246022144.0,0.0,246022144.0,0.9040430693800451,0.4506183715241622,0.11433966861598441,890.238322788723,0.0
208,0.0002858240035396,0.0,0.0,0.0,229376000.0,0.0,99876864.0,0.0,0.0,0.0,0.0,48.76,25.65,50.65,283475200.0,571189920.0,1090518976.0,87.9,262144.0,0.74,94.16,0.0,32.0,4194304.0,558628864.0,0.0,558628864.0,1.970644571376967,0.9780089676652557,0.5122596454479302,1820.223863049064,0.0
209,0.0003975040003217,0.0,0.0,0.0,697303040.0,0.0,166723584.0,0.0,0.0,0.0,0.0,40.74,12.71,42.85,329641856.0,672179552.0,603986048.0,83.31,1310720.0,2.65,94.69,0.0,32.0,4194304.0,1561329664.0,0.0,1561329664.0,4.736442401295059,2.3227866116343865,2.5850426001893343,3658.0803245330753,0.0
210,0.0003879679964227,0.0,0.0,0.0,0.0,16384.0,229130240.0,25714688.0,0.0,0.0,815104.0,78.93,23.67,76.81,616691840.0,1236802464.0,628749792.0,36.37,4648262.0,9.74,96.74,47385.0,32.0,8388608.0,280576000.0,417333248.0,697909248.0,1.1316985287173575,0.5642851371292222,1.1099951950361837,1675.340862361095,1001.814269691805
211,0.0016760000028941,0.0,0.0,0.0,12615680.0,0.0,159154176.0,0.0,0.0,0.0,0.0,41.16,41.16,22.53,625077888.0,1252370880.0,4947966944.0,49.8,163840.0,0.08,74.52,0.0,32.0,4194304.0,184385536.0,0.0,184385536.0,0.29498009694433475,0.1472291786279796,0.03726490861536362,102.45967291935946,0.0
212,0.001434175998072,0.0,0.0,0.0,22134784.0,0.0,163741696.0,0.0,0.0,0.0,0.0,90.06,90.06,26.55,632628864.0,1267251968.0,5136981696.0,43.65,180224.0,0.1,80.75,0.0,32.0,4194304.0,208011264.0,0.0,208011264.0,0.3288045737982641,0.16414357148585623,0.040492895694366905,135.07797243708606,0.0
213,0.0009157119971085,0.0,0.0,0.0,32571392.0,0.0,168493056.0,0.0,0.0,0.0,0.0,42.98,42.98,40.22,640359808.0,1283294912.0,5225083456.0,58.13,196608.0,0.17,85.61,0.0,32.0,4194304.0,233635840.0,0.0,233635840.0,0.36485088083479467,0.18205935191925704,0.0447142791052867,237.6187411744354,0.0
214,0.001127679998068,0.0,0.0,0.0,43925504.0,0.0,173408256.0,0.0,0.0,0.0,0.0,40.27,40.27,32.59,647841024.0,1301722688.0,5333194656.0,44.33,212992.0,0.15,87.24,0.0,32.0,4194304.0,261259264.0,0.0,261259264.0,0.4032768137881926,0.20070270450721375,0.04898738577000479,215.76746134318935,0.0
215,0.0008131199990352,0.0,0.0,0.0,56197120.0,0.0,178487296.0,0.0,0.0,0.0,0.0,88.56,88.56,43.45,653637760.0,1314965280.0,5449983680.0,53.88,229376.0,0.23,88.98,0.0,32.0,4194304.0,290881536.0,0.0,290881536.0,0.44501947990275226,0.22120852955144185,0.05337291872404286,333.166742100876,0.0
216,0.0008552959977517,0.0,0.0,0.0,69386240.0,0.0,183730176.0,0.0,0.0,0.0,0.0,38.37,38.37,41.39,656031488.0,1328343328.0,5545411168.0,53.32,245760.0,0.23,92.71,0.0,32.0,4194304.0,322502656.0,0.0,322502656.0,0.4915963058163452,0.24278561814705785,0.05815667156675658,351.16965903708746,0.0
217,0.0006488640012866,0.0,0.0,0.0,83492864.0,0.0,189136896.0,0.0,0.0,0.0,0.0,48.93,37.8,52.94,646779136.0,1324297184.0,5654284384.0,64.36,262144.0,0.32,95.64,0.0,32.0,4194304.0,356122624.0,0.0,356122624.0,0.550609325777633,0.268914431218786,0.0629827931908987,511.1472333260251,0.0
218,0.0005437439996792,0.0,0.0,0.0,229376000.0,0.0,238288896.0,0.0,0.0,0.0,0.0,57.15,27.66,60.05,632879104.0,1284509056.0,5044223296.0,78.58,262144.0,0.39,89.99,0.0,32.0,4194304.0,697040896.0,0.0,697040896.0,1.101380803370623,0.5426516012044371,0.13818597137694993,1193.8888930415776,0.0
219,0.0005604480016066,0.0,0.0,0.0,697303040.0,0.0,368050176.0,0.0,0.0,0.0,0.0,59.69,20.06,62.06,681196800.0,1369814400.0,3446262816.0,87.62,262144.0,0.38,90.09,0.0,32.0,4194304.0,1762656256.0,0.0,1762656256.0,2.5875873991187275,1.2867847322965797,0.5114689012737211,2929.088082737608,0.0
220,0.0002946560000005,0.0,0.0,0.0,0.0,32768.0,142606336.0,4194304.0,0.0,0.0,131072.0,89.95,22.99,84.85,536983808.0,1073789248.0,537919328.0,10.99,270887.0,0.74,98.65,0.0,32.0,1048576.0,151027712.0,67108864.0,218136576.0,0.40622561192757606,0.20314654519617614,0.4055191264664876,689.4667598073016,212.11175065124738
221,0.0013821120025671,0.0,0.0,0.0,25231360.0,0.0,137822208.0,0.0,0.0,0.0,0.0,78.13,78.13,23.41,537387776.0,1077905664.0,4297055328.0,56.2,327680.0,0.19,79.67,0.0,32.0,8388608.0,188284928.0,0.0,188284928.0,0.35037069395489934,0.17467662921567131,0.04381719890202913,126.87394623630495,0.0
222,0.0014599039958298,0.0,0.0,0.0,44269568.0,0.0,149061632.0,0.0,0.0,0.0,0.0,39.44,39.44,21.34,547838976.0,1108548640.0,4571529120.0,48.58,2523136.0,1.39,82.88,0.0,32.0,8388608.0,237600768.0,0.0,237600768.0,0.4337054835616515,0.21433499571114895,0.05197402483132384,151.57363745593366,0.0
223,0.0007155520038546,0.0,0.0,0.0,65142784.0,0.0,143523840.0,0.0,0.0,0.0,0.0,76.23,76.23,38.74,538837120.0,1080943488.0,4299157408.0,72.9,393216.0,0.44,87.65,0.0,32.0,8388608.0,273809408.0,0.0,273809408.0,0.5081487481782992,0.2533059415590836,0.06368908649180588,356.3750523215877,0.0
224,0.000880480000644,0.0,0.0,0.0,87851008.0,0.0,164069376.0,0.0,0.0,0.0,0.0,37.37,37.37,32.03,539973248.0,1107970432.0,4856302272.0,69.84,2654208.0,2.42,87.4,0.0,32.0,8388608.0,339771392.0,0.0,339771392.0,0.6292374543710728,0.3066610643992348,0.06996504191244873,359.3912040553755,0.0
225,0.0008109119974286,0.0,0.0,0.0,112394240.0,0.0,167575552.0,0.0,0.0,0.0,0.0,67.25,67.25,34.81,541296000.0,1098372800.0,4858219168.0,79.08,458752.0,0.45,86.97,0.0,32.0,8388608.0,392364032.0,0.0,392364032.0,0.7248603943129083,0.3572230047940007,0.08076293358365014,450.62532263363715,0.0
226,0.0007144640028869,0.0,0.0,0.0,138772480.0,0.0,180387840.0,0.0,0.0,0.0,0.0,37.28,34.14,39.53,542894464.0,1101987424.0,5151023328.0,78.74,2785280.0,3.13,92.08,0.0,32.0,8388608.0,457932800.0,0.0,457932800.0,0.8435024307044693,0.4155517477121409,0.08890132520090967,596.9274205188858,0.0
227,0.0005048639990376,0.0,0.0,0.0,166985728.0,0.0,158072832.0,0.0,0.0,0.0,0.0,55.31,55.31,54.33,544741248.0,1091214688.0,4303355776.0,88.09,524288.0,0.83,94.45,0.0,32.0,8388608.0,492044288.0,0.0,492044288.0,0.9032624017485821,0.450914282414791,0.1143396720169297,907.6740547920738,0.0
228,0.0005627839961464,0.0,0.0,0.0,458752000.0,0.0,199753728.0,0.0,0.0,0.0,0.0,49.57,25.99,51.28,568607872.0,1141359136.0,2181038080.0,89.06,524288.0,0.75,95.03,0.0,32.0,8388608.0,1117257728.0,0.0,1117257728.0,1.9649002115820162,0.9788835895382888,0.5122596153846154,1848.8929160652997,0.0
229,0.0007849600009632,0.0,0.0,0.0,1394606080.0,0.0,333447168.0,0.0,0.0,0.0,0.0,41.59,12.85,43.42,665210624.0,1342294624.0,1207950592.0,84.25,2621440.0,2.68,95.57,0.0,32.0,8388608.0,3122659328.0,0.0,3122659328.0,4.6942415159021875,2.3263591108594053,2.585088619253725,3704.9061371680523,0.0
230,0.0007566080019014,0.0,0.0,0.0,0.0,32768.0,458260480.0,51429376.0,0.0,0.0,1630208.0,78.98,23.7,77.39,1233385728.0,2471957920.0,1257624928.0,36.36,9286796.0,9.73,96.9,101024.0,32.0,16777216.0,561152000.0,834666496.0,1395818496.0,1.1316966495659013,0.5646611071761286,1.1098845648835611,1718.138417943977,1027.40619719391
231,0.0030187839967953,0.0,0.0,0.0,25231360.0,0.0,318308352.0,0.0,0.0,0.0,0.0,45.63,45.63,24.94,1250311424.0,2502550144.0,9895939392.0,55.21,327680.0,0.09,81.41,0.0,32.0,8388608.0,368771072.0,0.0,368771072.0,0.29494337564334694,0.14735811503483703,0.03726488788907894,113.76926092868729,0.0
232,0.0027866559987262,0.0,0.0,0.0,44269568.0,0.0,327483392.0,0.0,0.0,0.0,0.0,92.71,92.71,27.31,1265488640.0,2536701792.0,10273938048.0,44.93,360448.0,0.1,84.48,0.0,32.0,8388608.0,416022528.0,0.0,416022528.0,0.32874457727253875,0.16400135377047897,0.040492995583225846,139.03803413557563,0.0
233,0.0017684480032103,0.0,0.0,0.0,65142784.0,0.0,336986112.0,0.0,0.0,0.0,0.0,44.48,44.48,41.57,1280871552.0,2565442464.0,10450250720.0,60.14,393216.0,0.18,88.9,0.0,32.0,8388608.0,467271680.0,0.0,467271680.0,0.3648076025034554,0.1821407755414779,0.0447139205096507,246.0805538373238,0.0
234,0.0021997760035348,0.0,0.0,0.0,87851008.0,0.0,346816512.0,0.0,0.0,0.0,0.0,41.22,41.22,33.39,1296118400.0,2601457600.0,10666402784.0,45.38,425984.0,0.16,88.44,0.0,32.0,8388608.0,522518528.0,0.0,522518528.0,0.4031410463735412,0.20085606161714878,0.0489873238974059,221.21947871023383,0.0
235,0.0015979520009694,0.0,0.0,0.0,112394240.0,0.0,356974592.0,0.0,0.0,0.0,0.0,90.05,90.05,44.09,1308334848.0,2629364800.0,10899917984.0,54.78,458752.0,0.23,90.48,0.0,32.0,8388608.0,581763072.0,0.0,581763072.0,0.4446591580812193,0.22125612695507296,0.0533731605002873,339.0646788530323,0.0
236,0.0016826559987185,0.0,0.0,0.0,138772480.0,0.0,367460352.0,0.0,0.0,0.0,0.0,39.04,39.04,42.15,1311353088.0,2657378560.0,11090841920.0,54.24,491520.0,0.23,93.65,0.0,32.0,8388608.0,645005312.0,0.0,645005312.0,0.49186242660527446,0.242722403841476,0.058156568874800085,356.99989080952696,0.0
237,0.001280287998389,0.0,0.0,0.0,166985728.0,0.0,378273792.0,0.0,0.0,0.0,0.0,49.58,38.31,53.66,1293359104.0,2650454400.0,11308535712.0,65.2,524288.0,0.33,96.41,0.0,32.0,8388608.0,712245248.0,0.0,712245248.0,0.550694115653745,0.2687257128438052,0.06298297729600874,518.1100494261254,0.0
238,0.0010728639974335,0.0,0.0,0.0,458752000.0,0.0,476577792.0,0.0,0.0,0.0,0.0,57.92,28.01,60.84,1266674944.0,2567481024.0,10088510688.0,79.57,524288.0,0.39,90.7,0.0,32.0,8388608.0,1394081792.0,0.0,1394081792.0,1.1005836963962239,0.5429764734261187,0.1381850934309086,1210.1625619425035,0.0
239,0.0011091199967879,0.0,0.0,0.0,1394606080.0,0.0,736100352.0,0.0,0.0,0.0,0.0,60.44,20.27,62.68,1365440000.0,2740749728.0,6892561632.0,88.5,524288.0,0.38,90.77,0.0,32.0,8388608.0,3525312512.0,0.0,3525312512.0,2.581814295758144,1.2862584554820031,0.5114662298604746,2960.1874770163895,0.0
