input_size,output_size,Time,sm__sass_thread_inst_executed_op_dfma_pred_on.sum,sm__sass_thread_inst_executed_op_dmul_pred_on.sum,sm__sass_thread_inst_executed_op_dadd_pred_on.sum,sm__sass_thread_inst_executed_op_ffma_pred_on.sum,sm__sass_thread_inst_executed_op_fmul_pred_on.sum,sm__sass_thread_inst_executed_op_fadd_pred_on.sum,sm__sass_thread_inst_executed_op_hfma_pred_on.sum,sm__sass_thread_inst_executed_op_hmul_pred_on.sum,sm__sass_thread_inst_executed_op_hadd_pred_on.sum,sm__inst_executed_pipe_tensor.sum,gpu__compute_memory_throughput.avg.pct_of_peak_sustained_elapsed,l1tex__throughput.avg.pct_of_peak_sustained_elapsed,lts__throughput.avg.pct_of_peak_sustained_elapsed,dram__bytes.sum,lts__t_bytes.sum,l1tex__t_bytes.sum,sm__throughput.avg.pct_of_peak_sustained_elapsed,l1tex__data_pipe_lsu_wavefronts_mem_shared.sum,l1tex__data_pipe_lsu_wavefronts_mem_shared.sum.pct_of_peak_sustained_elapsed,Achieved Occupancy,l1tex__data_bank_conflicts_pipe_lsu_mem_shared.sum,Registers Per Thread,Threads,CC FLOPs,TC FLOPs,all FLOPs,AI HBM,AI L2,AI L1,GFLOP/s,TC GFLOP/s
"[16, 1, 64, 64]","[1, 1]",2.499199666954336e-05,0.0,0.0,0.0,0.0,64.0,278528.0,8192.0,0.0,0.0,256.0,2.14,0.55,2.38,1048704.0,2629056.0,1050624.0,0.27,516.0,0.02,24.97,0.0,32.0,2048.0,294976.0,131072.0,426048.0,0.40626144269498354,0.16205360403125685,0.4055190058479532,15.876607440225996,4.884376151056458
"[16, 1, 64, 64]","[2, 2]",7.564800064995007e-05,0.0,0.0,0.0,49280.0,0.0,269184.0,0.0,0.0,0.0,0.0,2.91,2.91,0.92,1048704.0,2324864.0,8392704.0,2.19,8320.0,0.09,8.06,0.0,32.0,262144.0,367744.0,0.0,367744.0,0.35066520200170875,0.15817871496999394,0.04381710590531967,4.527393796753578,0.0
"[16, 1, 64, 64]","[3, 3]",6.755200193706075e-05,0.0,0.0,0.0,86464.0,0.0,291136.0,0.0,0.0,0.0,0.0,1.75,1.75,0.95,1048704.0,2331264.0,8928736.0,2.24,12608.0,0.15,11.18,0.0,32.0,262144.0,464064.0,0.0,464064.0,0.4425119004027829,0.19906111019601383,0.05197421001136107,6.397934433816464,0.0
"[16, 1, 64, 64]","[4, 4]",2.4639998711642455e-05,0.0,0.0,0.0,127232.0,0.0,280320.0,0.0,0.0,0.0,0.0,4.57,4.57,2.42,1048704.0,2347520.0,8396800.0,4.63,8448.0,0.28,17.36,0.0,32.0,262144.0,534784.0,0.0,534784.0,0.5099475161723422,0.22780806979280263,0.0636890243902439,20.21332945556654,0.0
"[16, 1, 64, 64]","[5, 5]",2.4448000665487624e-05,0.0,0.0,0.0,171584.0,0.0,320448.0,0.0,0.0,0.0,0.0,2.94,2.94,2.52,1048704.0,2343776.0,9485280.0,5.6,12864.0,0.44,20.02,0.0,32.0,262144.0,663616.0,0.0,663616.0,0.63279628951544,0.28313968570375325,0.06996272118482533,25.279799773095203,0.0
"[16, 1, 64, 64]","[6, 6]",2.112000406613783e-05,0.0,0.0,0.0,219520.0,0.0,327296.0,0.0,0.0,0.0,0.0,5.6,5.6,3.0,1048704.0,2343968.0,9488384.0,6.86,8576.0,0.34,23.15,0.0,32.0,262144.0,766336.0,0.0,766336.0,0.7307457585743927,0.3269396169230979,0.0807657025685301,33.79289200444938,0.0
"[16, 1, 64, 64]","[7, 7]",1.76319959139014e-05,0.0,0.0,0.0,271040.0,0.0,352320.0,0.0,0.0,0.0,0.0,3.21,3.21,3.6,1048704.0,2349952.0,10060384.0,7.34,13120.0,0.63,26.83,0.0,32.0,262144.0,894400.0,0.0,894400.0,0.8528621994385451,0.3806035187101694,0.08890316711568863,47.24223592176259,0.0
"[16, 1, 64, 64]","[8, 8]",1.2864002023763462e-05,0.0,0.0,0.0,326144.0,0.0,308736.0,0.0,0.0,0.0,0.0,4.91,4.91,4.88,1048704.0,2365216.0,8404992.0,8.11,8704.0,0.57,31.14,0.0,32.0,262144.0,961024.0,0.0,961024.0,0.9163920419870621,0.4063155331267842,0.11433966861598441,69.57580885745381,0.0
"[16, 1, 64, 64]","[16, 16]",8.928001048898325e-06,0.0,0.0,0.0,896000.0,0.0,390144.0,0.0,0.0,0.0,0.0,6.26,4.24,7.16,1048704.0,2408608.0,4259840.0,13.82,9216.0,0.9,31.21,0.0,32.0,262144.0,2182144.0,0.0,2182144.0,2.0808006835103137,0.9059772283410169,0.5122596153846154,227.6298980175963,0.0
"[16, 1, 64, 64]","[32, 32]",7.4879961843476095e-06,0.0,0.0,0.0,2723840.0,0.0,651264.0,0.0,0.0,0.0,0.0,7.58,3.84,10.92,1048832.0,2940736.0,2359296.0,21.7,14336.0,1.66,36.64,0.0,32.0,262144.0,6098944.0,0.0,6098944.0,5.81498657554308,2.0739515549848746,2.5850694444444446,758.5586435512455,0.0
"[16, 1, 97, 97]","[1, 1]",1.0623997404039824e-05,0.0,0.0,0.0,0.0,64.0,895040.0,100448.0,0.0,0.0,3184.0,12.78,3.79,14.77,2408832.0,5541184.0,2455552.0,6.52,17728.0,1.55,24.67,0.0,32.0,32768.0,1096000.0,1630208.0,2726208.0,1.1317551410808226,0.49199015950381725,1.1102220600500416,238.98528556980406,142.90755673014647
"[16, 1, 97, 97]","[2, 2]",0.0001941120025815,0.0,0.0,0.0,49280.0,0.0,621696.0,0.0,0.0,0.0,0.0,1.42,1.42,0.8,2408832.0,5091424.0,19333728.0,1.75,8320.0,0.03,6.87,0.0,32.0,262144.0,720256.0,0.0,720256.0,0.2990063233965673,0.14146454901418543,0.037253860197060805,3.4556887950326893,0.0
"[16, 1, 97, 97]","[3, 3]",0.0001029120022514,0.0,0.0,0.0,86464.0,0.0,639616.0,0.0,0.0,0.0,0.0,4.97,4.97,1.54,2408832.0,5123264.0,20066656.0,2.5,8384.0,0.07,10.45,0.0,32.0,262144.0,812544.0,0.0,812544.0,0.3373186673043201,0.15859889320558143,0.0404922474377395,7.3532780775146644,0.0
"[16, 1, 97, 97]","[4, 4]",6.876799707372102e-05,0.0,0.0,0.0,127232.0,0.0,658176.0,0.0,0.0,0.0,0.0,2.33,2.33,2.23,2409344.0,5092064.0,20414368.0,3.24,8448.0,0.1,13.97,0.0,32.0,262144.0,912640.0,0.0,912640.0,0.3787919035222866,0.1792279122964676,0.04470576801593858,12.359851539457946,0.0
"[16, 1, 97, 97]","[5, 5]",7.15520039203361e-05,0.0,0.0,0.0,171584.0,0.0,677376.0,0.0,0.0,0.0,0.0,2.58,2.58,2.12,2408832.0,5140960.0,20834016.0,2.94,8512.0,0.1,16.69,0.0,32.0,262144.0,1020544.0,0.0,1020544.0,0.42366757000903343,0.19851234010768418,0.0489845068756787,13.283424831072354,0.0
"[16, 1, 97, 97]","[6, 6]",3.839999934598497e-05,0.0,0.0,0.0,219520.0,0.0,697216.0,0.0,0.0,0.0,0.0,7.58,7.58,3.75,2408832.0,5128128.0,21292672.0,4.86,8576.0,0.18,22.09,0.0,32.0,262144.0,1136256.0,0.0,1136256.0,0.47170412880599394,0.22157325246171702,0.05336371123361126,27.55783545222718,0.0
"[16, 1, 97, 97]","[7, 7]",4.140799933664572e-05,0.0,0.0,0.0,271040.0,0.0,717696.0,0.0,0.0,0.0,0.0,3.26,3.26,3.57,2408832.0,5156192.0,21666560.0,4.75,8640.0,0.17,23.72,0.0,32.0,262144.0,1259776.0,0.0,1259776.0,0.5229820925660237,0.24432294220230744,0.05814379393867785,28.334086325210745,0.0
"[16, 1, 97, 97]","[8, 8]",2.8928001634200857e-05,0.0,0.0,0.0,326144.0,0.0,738816.0,0.0,0.0,0.0,0.0,4.16,3.49,4.93,2408832.0,5112704.0,22091360.0,6.17,8704.0,0.25,26.96,0.0,32.0,262144.0,1391104.0,0.0,1391104.0,0.5775014612891227,0.2720877250081366,0.06297050068443047,44.785898978454654,0.0
"[16, 1, 97, 97]","[16, 16]",1.3440001694194522e-05,0.0,0.0,0.0,896000.0,0.0,930816.0,0.0,0.0,0.0,0.0,9.25,5.02,11.43,2408832.0,5333440.0,19704768.0,14.3,9216.0,0.58,27.14,0.0,32.0,262144.0,2722816.0,0.0,2722816.0,1.1303469897444072,0.5105177896442071,0.1381805662467074,188.6770600943882,0.0
"[16, 1, 97, 97]","[32, 32]",9.407999666679588e-06,0.0,0.0,0.0,2723840.0,0.0,1437696.0,0.0,0.0,0.0,0.0,13.0,5.57,16.88,2408832.0,5876608.0,13462336.0,23.49,10240.0,0.91,32.43,0.0,32.0,262144.0,6885376.0,0.0,6885376.0,2.8583877995642704,1.1716582082725273,0.5114547727823759,681.6014382129355,0.0
"[16, 2, 64, 64]","[1, 1]",2.5184002978026013e-05,0.0,0.0,0.0,0.0,128.0,557056.0,16384.0,0.0,0.0,512.0,4.21,1.08,4.65,2097280.0,4754368.0,2101248.0,0.54,1032.0,0.03,24.97,0.0,32.0,4096.0,589952.0,262144.0,852096.0,0.4062862374122673,0.17922382112617283,0.4055190058479532,31.511123995338462,9.69427398865152
"[16, 2, 64, 64]","[2, 2]",7.635199967592331e-05,0.0,0.0,0.0,98560.0,0.0,538368.0,0.0,0.0,0.0,0.0,5.66,5.66,1.83,2097280.0,4512064.0,16785408.0,4.17,8448.0,0.09,7.17,0.0,32.0,262144.0,735488.0,0.0,735488.0,0.35068660360085446,0.1630047800740415,0.04381710590531967,8.971298468490383,0.0
"[16, 2, 64, 64]","[3, 3]",7.09760019565154e-05,0.0,0.0,0.0,172928.0,0.0,582272.0,0.0,0.0,0.0,0.0,3.27,3.27,1.82,2097280.0,4505984.0,17857600.0,4.13,17024.0,0.2,10.19,0.0,32.0,262144.0,928128.0,0.0,928128.0,0.44253890753738173,0.20597676334403317,0.051973837469760774,12.178574936670781,0.0
"[16, 2, 64, 64]","[4, 4]",2.592000100344985e-05,0.0,0.0,0.0,254464.0,0.0,560640.0,0.0,0.0,0.0,0.0,8.76,8.76,4.79,2097280.0,4555296.0,16793600.0,8.65,8704.0,0.28,15.09,0.0,32.0,262144.0,1069568.0,0.0,1069568.0,0.5099786389990846,0.23479659719148877,0.0636890243902439,38.430277196121615,0.0
"[16, 2, 64, 64]","[5, 5]",2.678399676053421e-05,0.0,0.0,0.0,343168.0,0.0,640896.0,0.0,0.0,0.0,0.0,5.53,5.53,4.94,2097280.0,4514752.0,18970656.0,10.55,17536.0,0.59,17.83,0.0,32.0,262144.0,1327232.0,0.0,1327232.0,0.632834909978639,0.293976723416923,0.06996236714218,46.14998778574363,0.0
"[16, 2, 64, 64]","[6, 6]",2.1152003665240688e-05,0.0,0.0,0.0,439040.0,0.0,654592.0,0.0,0.0,0.0,0.0,10.67,10.67,5.91,2097280.0,4560160.0,18976736.0,12.87,8960.0,0.35,20.79,0.0,32.0,262144.0,1532672.0,0.0,1532672.0,0.7307903570338724,0.33610048770218587,0.08076583876173436,67.48353752541827,0.0
"[16, 2, 64, 64]","[7, 7]",1.763200201586783e-05,0.0,0.0,0.0,542080.0,0.0,704640.0,0.0,0.0,0.0,0.0,6.11,5.95,7.05,2097408.0,4538496.0,20120384.0,13.76,18048.0,0.86,24.43,0.0,32.0,262144.0,1788800.0,0.0,1788800.0,0.8528621994385451,0.39413938009419863,0.08890486384355288,94.48443914496522,0.0
"[16, 2, 64, 64]","[8, 8]",1.3183997966862334e-05,0.0,0.0,0.0,652288.0,0.0,617472.0,0.0,0.0,0.0,0.0,9.09,9.09,9.56,2097280.0,4559552.0,16809984.0,14.89,9216.0,0.59,28.33,0.0,32.0,262144.0,1922048.0,0.0,1922048.0,0.916447970704913,0.4215431691534607,0.11433966861598441,135.7741935635739,0.0
"[16, 2, 64, 64]","[16, 16]",9.759998957507842e-06,0.0,0.0,0.0,1792000.0,0.0,780288.0,0.0,0.0,0.0,0.0,11.35,6.98,13.95,2097408.0,4778496.0,8519680.0,23.74,10240.0,0.91,33.02,0.0,32.0,262144.0,4364288.0,0.0,4364288.0,2.0808006835103137,0.9133183327975999,0.5122596153846154,416.4508576506343,0.0
"[16, 2, 64, 64]","[32, 32]",9.248004327692584e-06,0.0,0.0,0.0,5447680.0,0.0,1302528.0,0.0,0.0,0.0,0.0,12.39,5.75,17.17,2097280.0,5650720.0,4718592.0,34.86,20480.0,2.0,54.48,0.0,32.0,262144.0,12197888.0,0.0,12197888.0,5.816051266402197,2.15864314636011,2.5850694444444446,1228.3913430937655,0.0
"[16, 2, 97, 97]","[1, 1]",1.155199688477037e-05,0.0,0.0,0.0,0.0,128.0,1790080.0,200896.0,0.0,0.0,6368.0,21.93,6.5,23.59,4817536.0,10408864.0,4904992.0,11.17,35496.0,2.66,29.37,0.0,32.0,65536.0,2192000.0,3260416.0,5452416.0,1.1317852113611606,0.5238243097421582,1.1116054827408486,439.5740543948016,262.8549032454019
"[16, 2, 97, 97]","[2, 2]",0.0001976319961265,0.0,0.0,0.0,98560.0,0.0,1243392.0,0.0,0.0,0.0,0.0,2.76,2.76,1.55,4817536.0,9975616.0,38667360.0,3.37,8448.0,0.03,6.56,0.0,32.0,262144.0,1440512.0,0.0,1440512.0,0.29901426787469776,0.14440331303851311,0.03725395268774491,6.788280090769183,0.0
"[16, 2, 97, 97]","[3, 3]",0.0001046080042248,0.0,0.0,0.0,172928.0,0.0,1279232.0,0.0,0.0,0.0,0.0,9.81,9.81,3.0,4817536.0,10047168.0,40133760.0,4.85,8576.0,0.07,9.82,0.0,32.0,262144.0,1625088.0,0.0,1625088.0,0.33732762972606745,0.16174587704714402,0.04049179543606181,14.46811982842427,0.0
"[16, 2, 97, 97]","[4, 4]",6.751999872432483e-05,0.0,0.0,0.0,254464.0,0.0,1316352.0,0.0,0.0,0.0,0.0,4.56,4.56,4.47,4822016.0,10084960.0,40828960.0,6.29,8704.0,0.1,13.02,0.0,32.0,262144.0,1825280.0,0.0,1825280.0,0.3785304735612657,0.18099030635718932,0.044705522746599474,25.17660694773864,0.0
"[16, 2, 97, 97]","[5, 5]",7.164800032521308e-05,0.0,0.0,0.0,343168.0,0.0,1354752.0,0.0,0.0,0.0,0.0,5.04,5.04,4.11,4817536.0,10092288.0,41668320.0,5.67,8832.0,0.1,15.85,0.0,32.0,262144.0,2041088.0,0.0,2041088.0,0.4236788266865053,0.20224234583872358,0.04898416830820153,26.531254501848576,0.0
"[16, 2, 97, 97]","[6, 6]",3.791999772885743e-05,0.0,0.0,0.0,439040.0,0.0,1394432.0,0.0,0.0,0.0,0.0,15.05,15.05,7.53,4817536.0,10138176.0,42584288.0,9.43,8960.0,0.19,19.54,0.0,32.0,262144.0,2272512.0,0.0,2272512.0,0.4717166617955735,0.22415393064787986,0.05336503454043895,55.81334001699954,0.0
"[16, 2, 97, 97]","[7, 7]",4.089599966925803e-05,0.0,0.0,0.0,542080.0,0.0,1435392.0,0.0,0.0,0.0,0.0,6.42,6.42,7.02,4817536.0,10121728.0,43333728.0,9.29,9088.0,0.18,22.28,0.0,32.0,262144.0,2519552.0,0.0,2519552.0,0.5229959879905413,0.24892508472861552,0.0581429781439529,57.37763288572891,0.0
"[16, 2, 97, 97]","[8, 8]",2.867200392096452e-05,0.0,0.0,0.0,652288.0,0.0,1477632.0,0.0,0.0,0.0,0.0,8.39,6.8,9.94,4821760.0,10094752.0,44182848.0,12.01,9216.0,0.26,25.48,0.0,32.0,262144.0,2782208.0,0.0,2782208.0,0.5770108839925671,0.27560934632173234,0.06297031825562716,90.37153889969947,0.0
"[16, 2, 97, 97]","[16, 16]",1.5007996546009323e-05,0.0,0.0,0.0,1792000.0,0.0,1861632.0,0.0,0.0,0.0,0.0,16.86,8.69,19.85,4817536.0,10468096.0,39408896.0,25.21,10240.0,0.59,29.82,0.0,32.0,262144.0,5445632.0,0.0,5445632.0,1.1303770226107288,0.5202122716490182,0.1381828102974516,337.929183225792,0.0
"[16, 2, 97, 97]","[32, 32]",1.1423998245677064e-05,0.0,0.0,0.0,5447680.0,0.0,2875392.0,0.0,0.0,0.0,0.0,22.39,9.12,27.84,4817536.0,11505024.0,26927968.0,39.41,12288.0,0.94,53.7,0.0,32.0,262144.0,13770752.0,0.0,13770752.0,2.858463745782076,1.1969337917069969,0.5113921704006779,1122.6377955620171,0.0
"[16, 4, 64, 64]","[1, 1]",2.598400266300609e-05,0.0,0.0,0.0,0.0,256.0,1114112.0,32768.0,0.0,0.0,1024.0,8.21,2.1,9.03,4194560.0,9028832.0,4202496.0,1.05,2064.0,0.07,24.97,0.0,32.0,8192.0,1179904.0,524288.0,1704192.0,0.4062862374122673,0.1887499955697481,0.4055190058479532,61.0819088060963,18.79161022005186
"[16, 4, 64, 64]","[2, 2]",8.00640019141398e-05,0.0,0.0,0.0,197120.0,0.0,1076736.0,0.0,0.0,0.0,0.0,10.54,10.54,3.33,4194432.0,8748704.0,33570816.0,7.68,8704.0,0.09,7.95,0.0,32.0,262144.0,1470976.0,0.0,1470976.0,0.3506973053800848,0.1681364462667842,0.04381710590531967,17.110725454202356,0.0
"[16, 4, 64, 64]","[3, 3]",7.350400126648173e-05,0.0,0.0,0.0,345856.0,0.0,1164544.0,0.0,0.0,0.0,0.0,6.04,6.04,3.4,4194560.0,8817408.0,35715040.0,7.58,25856.0,0.28,11.66,0.0,32.0,262144.0,1856256.0,0.0,1856256.0,0.44253890753738173,0.21052173155648463,0.0519740703076351,23.519442306248443,0.0
"[16, 4, 64, 64]","[4, 4]",2.7328003338614663e-05,0.0,0.0,0.0,508928.0,0.0,1121280.0,0.0,0.0,0.0,0.0,16.33,16.33,8.76,4194560.0,8780032.0,33587200.0,15.92,9216.0,0.28,16.38,0.0,32.0,262144.0,2139136.0,0.0,2139136.0,0.5099786389990846,0.24363646966206956,0.0636890243902439,72.90051974480065,0.0
"[16, 4, 64, 64]","[5, 5]",2.806400297015404e-05,0.0,0.0,0.0,686336.0,0.0,1281792.0,0.0,0.0,0.0,0.0,9.47,9.47,8.56,4194560.0,8874912.0,37941184.0,18.03,26880.0,0.79,20.16,0.0,32.0,262144.0,2654464.0,0.0,2654464.0,0.632834909978639,0.2990975009104316,0.06996260317021208,88.09015055098293,0.0
"[16, 4, 64, 64]","[6, 6]",2.3680001306139235e-05,0.0,0.0,0.0,878080.0,0.0,1309184.0,0.0,0.0,0.0,0.0,18.4,18.4,10.0,4194432.0,8881568.0,37953568.0,22.0,9728.0,0.34,23.14,0.0,32.0,262144.0,3065344.0,0.0,3065344.0,0.7308126583051054,0.34513545355955166,0.08076563447210022,120.55844209020262,0.0
"[16, 4, 64, 64]","[7, 7]",2.00960026324042e-05,0.0,0.0,0.0,1084160.0,0.0,1409280.0,0.0,0.0,0.0,0.0,10.48,9.89,12.0,4194432.0,8945536.0,40241248.0,23.02,27904.0,1.14,27.05,0.0,32.0,262144.0,3577600.0,0.0,3577600.0,0.8529402789221521,0.39993131769857054,0.08890380338104822,165.79912452697172,0.0
"[16, 4, 64, 64]","[8, 8]",1.401599658458337e-05,0.0,0.0,0.0,1304576.0,0.0,1234944.0,0.0,0.0,0.0,0.0,16.75,16.75,17.43,4194432.0,8864064.0,33619968.0,27.28,10240.0,0.62,31.11,0.0,32.0,262144.0,3844096.0,0.0,3844096.0,0.9164759376239738,0.4336719590472271,0.11433966861598441,255.4290993283288,0.0
"[16, 4, 64, 64]","[16, 16]",1.1776000687618869e-05,0.0,0.0,0.0,3584000.0,0.0,1560576.0,0.0,0.0,0.0,0.0,18.55,10.91,21.54,4194432.0,9375040.0,17039360.0,37.68,12288.0,0.9,54.84,0.0,32.0,262144.0,8728576.0,0.0,8728576.0,2.080991180689066,0.9310441342116941,0.5122596153846154,690.3124489109214,0.0
"[16, 4, 64, 64]","[32, 32]",1.2287998632839571e-05,0.0,0.0,0.0,10895360.0,0.0,2605056.0,0.0,0.0,0.0,0.0,17.61,7.69,24.4,4194560.0,11113856.0,9437184.0,48.37,32768.0,2.28,71.24,0.0,32.0,262144.0,24395776.0,0.0,24395776.0,5.816051266402197,2.195077568037592,2.5850694444444446,1848.9859571877387,0.0
"[16, 4, 97, 97]","[1, 1]",1.3760001405312909e-05,0.0,0.0,0.0,0.0,256.0,3580160.0,401792.0,0.0,0.0,12736.0,37.41,11.12,37.98,9634944.0,20331488.0,9814592.0,18.84,71580.0,4.57,56.41,428.0,32.0,131072.0,4384000.0,6520832.0,10904832.0,1.131800247100554,0.5363518892468667,1.1110835784105952,738.0752308693756,441.35155716845634
"[16, 4, 97, 97]","[2, 2]",0.0002147520006528,0.0,0.0,0.0,197120.0,0.0,2486784.0,0.0,0.0,0.0,0.0,5.11,5.11,2.89,9634944.0,19810336.0,77334816.0,6.21,8704.0,0.03,7.58,0.0,32.0,262144.0,2881024.0,0.0,2881024.0,0.2990182402720763,0.14543034504816071,0.03725390644234545,12.49423838219316,0.0
"[16, 4, 97, 97]","[3, 3]",0.000112512002606,0.0,0.0,0.0,345856.0,0.0,2558464.0,0.0,0.0,0.0,0.0,18.23,18.23,5.53,9634944.0,19880512.0,80267232.0,8.92,8960.0,0.06,11.36,0.0,32.0,262144.0,3250176.0,0.0,3250176.0,0.33733211111553946,0.16348552793811347,0.040491940721214856,26.903461054492123,0.0
"[16, 4, 97, 97]","[4, 4]",7.151999606380941e-05,0.0,0.0,0.0,508928.0,0.0,2632704.0,0.0,0.0,0.0,0.0,8.77,8.77,8.44,9634944.0,19785440.0,81657760.0,12.03,9216.0,0.11,15.0,0.0,32.0,262144.0,3650560.0,0.0,3650560.0,0.37888751610803345,0.18450739533717725,0.04470561034248306,47.53704033980889,0.0
"[16, 4, 97, 97]","[5, 5]",7.67360013082657e-05,0.0,0.0,0.0,686336.0,0.0,2709504.0,0.0,0.0,0.0,0.0,9.37,9.37,7.66,9634944.0,19880064.0,83335488.0,10.5,9472.0,0.1,18.45,0.0,32.0,262144.0,4082176.0,0.0,4082176.0,0.4236844552495583,0.20534018401550416,0.0489848454478361,49.54418522644596,0.0
"[16, 4, 97, 97]","[6, 6]",4.243199867662368e-05,0.0,0.0,0.0,878080.0,0.0,2788864.0,0.0,0.0,0.0,0.0,27.28,27.28,13.3,9634944.0,19884160.0,85169920.0,16.89,9728.0,0.19,22.57,0.0,32.0,262144.0,4545024.0,0.0,4545024.0,0.471722928540114,0.22857510701985903,0.05336419242850058,99.7568718275128,0.0
"[16, 4, 97, 97]","[7, 7]",4.3807997688310496e-05,0.0,0.0,0.0,1084160.0,0.0,2870784.0,0.0,0.0,0.0,0.0,11.81,11.81,12.92,9638912.0,19927744.0,86668352.0,17.03,9984.0,0.19,26.08,0.0,32.0,262144.0,5039104.0,0.0,5039104.0,0.5227876341230213,0.2528687642715603,0.05814237704669866,107.12727261413778,0.0
"[16, 4, 97, 97]","[8, 8]",3.0943998064217635e-05,0.0,0.0,0.0,1304576.0,0.0,2955264.0,0.0,0.0,0.0,0.0,15.34,12.23,17.5,9635072.0,19890912.0,88366240.0,21.58,10240.0,0.27,29.51,0.0,32.0,262144.0,5564416.0,0.0,5564416.0,0.5775168052714085,0.27974665012846067,0.06296993059792971,167.47241984041233,0.0
"[16, 4, 97, 97]","[16, 16]",1.760000268553817e-05,0.0,0.0,0.0,3584000.0,0.0,3723264.0,0.0,0.0,0.0,0.0,27.87,14.04,31.65,9634944.0,20591968.0,78817152.0,40.97,12288.0,0.59,53.13,0.0,32.0,262144.0,10891264.0,0.0,10891264.0,1.1303920396423683,0.5289083588319484,0.13818393235015647,576.3226409977514,0.0
"[16, 4, 97, 97]","[32, 32]",1.6704002754666088e-05,0.0,0.0,0.0,10895360.0,0.0,5750784.0,0.0,0.0,0.0,0.0,29.99,11.95,36.35,9634944.0,22433952.0,53852512.0,51.89,16384.0,0.84,69.15,0.0,32.0,262144.0,27541504.0,0.0,27541504.0,2.8585017204043948,1.2276706306583878,0.511424685258879,1535.5615531670956,0.0
"[16, 8, 64, 64]","[1, 1]",2.6463999664833924e-05,0.0,0.0,0.0,0.0,512.0,2228224.0,65536.0,0.0,0.0,2048.0,16.24,4.15,17.51,8388736.0,17471360.0,8404992.0,2.08,4128.0,0.13,24.97,0.0,32.0,16384.0,2359808.0,1048576.0,3408384.0,0.406304835436471,0.195084069013517,0.4055190058479532,119.94804271314683,36.90154596312524
"[16, 8, 64, 64]","[2, 2]",8.521600413468565e-05,0.0,0.0,0.0,394240.0,0.0,2153472.0,0.0,0.0,0.0,0.0,19.66,19.66,6.23,8388736.0,17351360.0,67141280.0,14.24,9216.0,0.09,15.23,0.0,32.0,262144.0,2941952.0,0.0,2941952.0,0.3507026565146406,0.16955166626708223,0.043817335624224026,32.15248519168627,0.0
"[16, 8, 64, 64]","[3, 3]",7.478400095690978e-05,0.0,0.0,0.0,691712.0,0.0,2329088.0,0.0,0.0,0.0,0.0,11.87,11.87,6.63,8388736.0,17359648.0,71429984.0,14.86,43520.0,0.46,22.22,0.0,32.0,262144.0,3712512.0,0.0,3712512.0,0.4425591650518028,0.21385871418590977,0.05197414015940421,46.233769120257186,0.0
"[16, 8, 64, 64]","[4, 4]",2.899200415695096e-05,0.0,0.0,0.0,1017856.0,0.0,2242560.0,0.0,0.0,0.0,0.0,29.26,29.26,15.67,8388736.0,17404448.0,67174752.0,28.31,10240.0,0.28,30.58,0.0,32.0,262144.0,4278272.0,0.0,4278272.0,0.5100019836123106,0.24581486295917,0.06368869065567968,137.4327649918615,0.0
"[16, 8, 64, 64]","[5, 5]",3.132799836726915e-05,0.0,0.0,0.0,1372672.0,0.0,2563584.0,0.0,0.0,0.0,0.0,16.57,16.57,14.96,8388736.0,17469760.0,75881728.0,31.52,45568.0,1.19,37.29,0.0,32.0,262144.0,5308928.0,0.0,5308928.0,0.6328638784198239,0.3038924404227648,0.06996319324725973,157.8244621773835,0.0
"[16, 8, 64, 64]","[6, 6]",2.7455998703342197e-05,0.0,0.0,0.0,1756160.0,0.0,2618368.0,0.0,0.0,0.0,0.0,31.27,31.27,16.91,8388736.0,17578496.0,75907264.0,37.19,11264.0,0.33,43.55,0.0,32.0,262144.0,6130688.0,0.0,6130688.0,0.7308238094511498,0.3487606675792969,0.08076549827958494,207.95630834689644,0.0
"[16, 8, 64, 64]","[7, 7]",2.4287995606891e-05,0.0,0.0,0.0,2168320.0,0.0,2818560.0,0.0,0.0,0.0,0.0,17.79,16.53,19.93,8388736.0,17628736.0,80482976.0,38.54,47616.0,1.66,49.92,0.0,32.0,262144.0,7155200.0,0.0,7155200.0,0.8529532935593634,0.40588275869580215,0.08890327315928277,274.3659622533041,0.0
"[16, 8, 64, 64]","[8, 8]",1.737600202170865e-05,0.0,0.0,0.0,2609152.0,0.0,2469888.0,0.0,0.0,0.0,0.0,26.29,26.29,27.03,8388736.0,17551776.0,67239936.0,42.59,12288.0,0.6,55.13,0.0,32.0,262144.0,7688192.0,0.0,7688192.0,0.9164899217236065,0.43802929116688816,0.11433966861598441,412.0733157508021,0.0
"[16, 8, 64, 64]","[16, 16]",1.6703995544908436e-05,0.0,0.0,0.0,7168000.0,0.0,3121152.0,0.0,0.0,0.0,0.0,26.08,15.01,30.64,8388736.0,18528256.0,34078720.0,51.95,16384.0,0.84,71.97,0.0,32.0,262144.0,17457152.0,0.0,17457152.0,2.0810229336100217,0.942190781474522,0.5122596153846154,973.314420635693,0.0
"[16, 8, 64, 64]","[32, 32]",1.990400307114479e-05,0.0,0.0,0.0,21790720.0,0.0,5210112.0,0.0,0.0,0.0,0.0,21.79,8.8,29.59,8388736.0,21678368.0,18874368.0,56.76,49152.0,2.11,71.03,0.0,32.0,262144.0,48791552.0,0.0,48791552.0,5.816317500038147,2.250702266886511,2.5850694444444446,2282.9917010011523,0.0
"[16, 8, 97, 97]","[1, 1]",2.156800305483134e-05,0.0,0.0,0.0,0.0,512.0,7160320.0,803584.0,0.0,0.0,25472.0,46.03,13.8,45.69,19269760.0,39587904.0,19660736.0,22.74,145265.0,5.72,83.89,2436.0,32.0,262144.0,8768000.0,13041664.0,21809664.0,1.1318077651200638,0.5509173711242706,1.1093004860041862,941.7576757727956,563.14884891623
"[16, 8, 97, 97]","[2, 2]",0.0002201280016347,0.0,0.0,0.0,394240.0,0.0,4973568.0,0.0,0.0,0.0,0.0,9.96,9.96,5.6,19272320.0,39292608.0,154647680.0,12.1,9216.0,0.03,14.79,0.0,32.0,262144.0,5762048.0,0.0,5762048.0,0.2989805067578787,0.14664458006961512,0.03725919457698945,24.37820422012156,0.0
"[16, 8, 97, 97]","[3, 3]",0.0001188159996726,0.0,0.0,0.0,691712.0,0.0,5116928.0,0.0,0.0,0.0,0.0,34.63,34.63,10.3,19269760.0,39393120.0,160533056.0,16.86,9728.0,0.07,22.19,0.0,32.0,262144.0,6500352.0,0.0,6500352.0,0.3373343518549271,0.16501236764186233,0.040492295867089204,50.95209885224711,0.0
"[16, 8, 97, 97]","[4, 4]",7.446399609207579e-05,0.0,0.0,0.0,1017856.0,0.0,5265408.0,0.0,0.0,0.0,0.0,16.69,16.69,15.82,19269760.0,39572800.0,163300000.0,22.77,10240.0,0.11,29.36,0.0,32.0,262144.0,7301120.0,0.0,7301120.0,0.3788900328805341,0.18449844337524765,0.04470985915492958,91.31524270559747,0.0
"[16, 8, 97, 97]","[5, 5]",8.121599868847231e-05,0.0,0.0,0.0,1372672.0,0.0,5419008.0,0.0,0.0,0.0,0.0,17.73,17.73,14.22,19269760.0,39850496.0,166673888.0,19.72,10752.0,0.11,36.19,0.0,32.0,262144.0,8164352.0,0.0,8164352.0,0.4236872695871666,0.20487453907725514,0.04898398962169767,93.62250600245692,0.0
"[16, 8, 97, 97]","[6, 6]",4.7679997677437553e-05,0.0,0.0,0.0,1756160.0,0.0,5577728.0,0.0,0.0,0.0,0.0,48.61,48.61,23.35,19269888.0,39950336.0,170337472.0,29.87,11264.0,0.2,43.93,0.0,32.0,262144.0,9090048.0,0.0,9090048.0,0.471722928540114,0.22753370584918234,0.05336493428762404,177.55384478016302,0.0
"[16, 8, 97, 97]","[7, 7]",4.799999587042876e-05,0.0,0.0,0.0,2168320.0,0.0,5741568.0,0.0,0.0,0.0,0.0,20.88,20.88,22.11,19269760.0,40132032.0,173318848.0,29.62,11776.0,0.19,51.05,0.0,32.0,262144.0,10078208.0,0.0,10078208.0,0.5230064100435086,0.25112628236716245,0.05814836710661728,195.54298811622942,0.0
"[16, 8, 97, 97]","[8, 8]",3.568000397586051e-05,0.0,0.0,0.0,2609152.0,0.0,5910528.0,0.0,0.0,0.0,0.0,27.25,21.87,30.45,19269760.0,40069248.0,176719008.0,38.03,12288.0,0.29,56.96,0.0,32.0,262144.0,11128832.0,0.0,11128832.0,0.577528313793218,0.27773997655259214,0.06297473104873925,290.4857431550541,0.0
"[16, 8, 97, 97]","[16, 16]",2.7392002288968807e-05,0.0,0.0,0.0,7168000.0,0.0,7446528.0,0.0,0.0,0.0,0.0,34.9,17.46,38.79,19269760.0,40688640.0,157645504.0,50.71,16384.0,0.49,68.84,0.0,32.0,262144.0,21782528.0,0.0,21782528.0,1.1303995483078149,0.5353466717000126,0.13817411500679397,740.6015757659114,0.0
"[16, 8, 97, 97]","[32, 32]",2.6879998346001576e-05,0.0,0.0,0.0,21790720.0,0.0,11501568.0,0.0,0.0,0.0,0.0,35.89,13.72,42.79,19270144.0,44534336.0,107701024.0,59.89,16384.0,0.5,69.0,0.0,32.0,262144.0,55083008.0,0.0,55083008.0,2.858463745782076,1.2368660442136152,0.5114436794955636,1908.4840768137892,0.0
"[16, 16, 64, 64]","[1, 1]",2.7232003672379047e-05,0.0,0.0,0.0,0.0,1024.0,4456448.0,131072.0,0.0,0.0,4096.0,31.44,8.03,32.95,16777344.0,34438112.0,16809984.0,4.02,8256.0,0.25,24.97,0.0,32.0,32768.0,4719616.0,2097152.0,6816768.0,0.40630793527271064,0.19794255852353346,0.4055190058479532,233.13047400752563,71.72167804828189
"[16, 16, 64, 64]","[2, 2]",0.0001687039990624,0.0,0.0,0.0,788480.0,0.0,4306944.0,0.0,0.0,0.0,0.0,19.49,19.49,6.11,16777344.0,34363488.0,134283840.0,14.07,10240.0,0.05,25.63,0.0,32.0,262144.0,5883904.0,0.0,5883904.0,0.35070533214315686,0.17122545883584345,0.0438169179552804,32.48181816984342,0.0
"[16, 16, 64, 64]","[3, 3]",0.0001473920015949,0.0,0.0,0.0,1383424.0,0.0,4658176.0,0.0,0.0,0.0,0.0,12.01,12.01,6.65,16777344.0,34502016.0,142855264.0,14.99,78848.0,0.43,36.98,0.0,32.0,262144.0,7425024.0,0.0,7425024.0,0.44256254148451624,0.21520551146924283,0.051975851586400064,46.91633462762468,0.0
"[16, 16, 64, 64]","[4, 4]",5.769599596226157e-05,0.0,0.0,0.0,2035712.0,0.0,4485120.0,0.0,0.0,0.0,0.0,28.46,28.46,15.0,16777344.0,34421696.0,134348640.0,27.41,12288.0,0.17,47.11,0.0,32.0,262144.0,8556544.0,0.0,8556544.0,0.5100058745889695,0.24857996537997432,0.06368910023949628,138.11881491920187,0.0
"[16, 16, 64, 64]","[5, 5]",6.041599747316247e-05,0.0,0.0,0.0,2745344.0,0.0,5127168.0,0.0,0.0,0.0,0.0,16.57,16.57,14.79,16777344.0,34668832.0,151764064.0,31.4,82944.0,1.08,52.05,0.0,32.0,262144.0,10617856.0,0.0,10617856.0,0.6328687067511997,0.30626517789811897,0.06996291295942102,163.6760030521563,0.0
"[16, 16, 64, 64]","[6, 6]",5.030400401708667e-05,0.0,0.0,0.0,3512320.0,0.0,5236736.0,0.0,0.0,0.0,0.0,35.14,35.14,18.79,16777344.0,34788416.0,151809344.0,41.62,14336.0,0.24,59.07,0.0,32.0,262144.0,12261376.0,0.0,12261376.0,0.7308293851517856,0.35245571399399156,0.08076825626754569,227.00571232400637,0.0
"[16, 16, 64, 64]","[7, 7]",3.932799603999698e-05,0.0,0.0,0.0,4336640.0,0.0,5637120.0,0.0,0.0,0.0,0.0,21.41,19.77,23.59,16777344.0,34927072.0,160918496.0,46.1,87040.0,1.83,63.5,0.0,32.0,262144.0,14310400.0,0.0,14310400.0,0.8529598010269087,0.40972229220932116,0.08892949136188795,338.8832362122656,0.0
"[16, 16, 64, 64]","[8, 8]",2.5951997706648e-05,0.0,0.0,0.0,5218304.0,0.0,4939776.0,0.0,0.0,0.0,0.0,34.04,34.04,34.48,16777344.0,34750816.0,134479872.0,54.83,16384.0,0.52,69.88,0.0,32.0,262144.0,15376384.0,0.0,15376384.0,0.9164969139334569,0.44247548028800243,0.11433966861598441,551.8023582241558,0.0
"[16, 16, 64, 64]","[16, 16]",2.729600419557867e-05,0.0,0.0,0.0,14336000.0,0.0,6242304.0,0.0,0.0,0.0,0.0,30.14,16.78,34.09,16777344.0,36372544.0,68157440.0,57.9,16384.0,0.48,69.97,0.0,32.0,262144.0,34914304.0,0.0,34914304.0,2.0810388104338804,0.9599082208822127,0.5122596153846154,1191.2541945408416,0.0
"[16, 16, 64, 64]","[32, 32]",3.4207996419542125e-05,0.0,0.0,0.0,43581440.0,0.0,10420224.0,0.0,0.0,0.0,0.0,24.27,9.35,32.18,16777344.0,42739040.0,37749120.0,61.4,81920.0,1.95,71.6,0.0,32.0,262144.0,97583104.0,0.0,97583104.0,5.8163618746805215,2.283231069298702,2.585043148025702,2656.7281679301127,0.0
"[16, 16, 97, 97]","[1, 1]",3.337600033126671e-05,0.0,0.0,0.0,0.0,1024.0,14320640.0,1607168.0,0.0,0.0,50944.0,58.27,17.46,57.18,38541568.0,78357824.0,39325408.0,27.8,290784.0,7.22,87.57,3804.0,32.0,524288.0,17536000.0,26083328.0,43619328.0,1.1317476237604034,0.5566684444938134,1.1091894583776474,1217.1519790494697,727.8281383747234
"[16, 16, 97, 97]","[2, 2]",0.0004418560006419,0.0,0.0,0.0,788480.0,0.0,9947136.0,0.0,0.0,0.0,0.0,9.74,9.74,5.5,38889344.0,78419040.0,309250848.0,11.81,10240.0,0.02,24.86,0.0,32.0,262144.0,11524096.0,0.0,11524096.0,0.2963304292301768,0.14695533125628674,0.03726455747665403,24.28992871262183,0.0
"[16, 16, 97, 97]","[3, 3]",0.0002510399980354,0.0,0.0,0.0,1383424.0,0.0,10233856.0,0.0,0.0,0.0,0.0,32.78,32.78,9.87,39153408.0,79817824.0,321053696.0,15.92,11264.0,0.04,36.9,0.0,32.0,262144.0,13000704.0,0.0,13000704.0,0.33204527176791354,0.16287970967487161,0.04049386181182602,48.23075691462674,0.0
"[16, 16, 97, 97]","[4, 4]",0.0001447039957784,0.0,0.0,0.0,2035712.0,0.0,10530816.0,0.0,0.0,0.0,0.0,17.15,17.15,16.43,39451008.0,80119136.0,326571552.0,23.28,12288.0,0.07,45.66,0.0,32.0,262144.0,14602240.0,0.0,14602240.0,0.3701360431652342,0.18225658349585797,0.044713753878966166,93.98078939561053,0.0
"[16, 16, 97, 97]","[5, 5]",0.0001557759977536,0.0,0.0,0.0,2745344.0,0.0,10838016.0,0.0,0.0,0.0,0.0,18.17,18.17,14.87,39689472.0,81246464.0,333301088.0,20.04,13312.0,0.07,55.35,0.0,32.0,262144.0,16328704.0,0.0,16328704.0,0.41141146952017904,0.20097741115231796,0.04899085117897965,97.62281011653877,0.0
"[16, 16, 97, 97]","[6, 6]",9.023999605928714e-05,0.0,0.0,0.0,3512320.0,0.0,11155456.0,0.0,0.0,0.0,0.0,50.85,50.85,24.99,39962624.0,81830176.0,340654656.0,31.07,14336.0,0.13,59.91,0.0,32.0,262144.0,18180096.0,0.0,18180096.0,0.45492748424127505,0.22216860440334382,0.05336811248515564,187.62782084290703,0.0
"[16, 16, 97, 97]","[7, 7]",9.267200065754614e-05,0.0,0.0,0.0,4336640.0,0.0,11483136.0,0.0,0.0,0.0,0.0,22.57,22.57,24.58,40197888.0,83022944.0,346587584.0,31.6,15360.0,0.14,72.37,0.0,32.0,262144.0,20156416.0,0.0,20156416.0,0.5014297268553014,0.24278127260820817,0.05815677459467215,202.56523125587705,0.0
"[16, 16, 97, 97]","[8, 8]",6.300799869873816e-05,0.0,0.0,0.0,5218304.0,0.0,11821056.0,0.0,0.0,0.0,0.0,31.63,24.46,34.88,40226048.0,82771488.0,353402496.0,42.04,16384.0,0.21,73.09,0.0,32.0,262144.0,22257664.0,0.0,22257664.0,0.5533147079225879,0.26890496398953223,0.06298106055255479,328.99100700720055,0.0
"[16, 16, 97, 97]","[16, 16]",4.94400012932911e-05,0.0,0.0,0.0,14336000.0,0.0,14893056.0,0.0,0.0,0.0,0.0,38.48,18.98,42.11,38688640.0,80692640.0,315247360.0,54.46,16384.0,0.27,69.15,0.0,32.0,262144.0,43565056.0,0.0,43565056.0,1.1260425799407785,0.5398888424024794,0.1381932460909427,820.6537025858287,0.0
"[16, 16, 97, 97]","[32, 32]",4.8544000326224495e-05,0.0,0.0,0.0,43581440.0,0.0,23003136.0,0.0,0.0,0.0,0.0,40.49,14.62,45.91,39637632.0,86202240.0,215405824.0,64.28,16384.0,0.28,68.91,0.0,32.0,262144.0,110166016.0,0.0,110166016.0,2.7793288963377023,1.2779948177680767,0.5114347140400438,2113.548470805016,0.0
"[16, 32, 64, 64]","[1, 1]",3.228799999985568e-05,0.0,0.0,0.0,0.0,2048.0,8912896.0,262144.0,0.0,0.0,8192.0,52.53,13.48,53.02,33556736.0,68341408.0,33619968.0,6.74,16595.0,0.43,29.74,0.0,32.0,65536.0,9439232.0,4194304.0,13633536.0,0.40628313790709564,0.19949158788183,0.4055190058479532,393.24888034841325,120.98147918785493
"[16, 32, 64, 64]","[2, 2]",0.0001890560003279,0.0,0.0,0.0,1576960.0,0.0,8613888.0,0.0,0.0,0.0,0.0,36.44,36.44,11.27,33555200.0,68076736.0,268567616.0,26.28,20480.0,0.09,32.15,0.0,32.0,524288.0,11767808.0,0.0,11767808.0,0.3506999809269502,0.17286093152292142,0.04381692839690694,57.97025868066698,0.0
"[16, 32, 64, 64]","[3, 3]",0.0001564479977314,0.0,0.0,0.0,2766848.0,0.0,9316352.0,0.0,0.0,0.0,0.0,23.09,23.09,12.56,33555456.0,68772000.0,285683168.0,28.65,157696.0,0.82,46.52,0.0,32.0,524288.0,14850048.0,0.0,14850048.0,0.44255241234093196,0.21593160006979584,0.05198082933608465,88.40116292359323,0.0
"[16, 32, 64, 64]","[4, 4]",6.620799967757832e-05,0.0,0.0,0.0,4071424.0,0.0,8970240.0,0.0,0.0,0.0,0.0,51.5,51.5,26.77,33555584.0,68258720.0,268696736.0,49.51,24576.0,0.3,57.52,0.0,32.0,524288.0,17113088.0,0.0,17113088.0,0.5099922564304051,0.2507091841159635,0.06368922918363995,240.72325479391685,0.0
"[16, 32, 64, 64]","[5, 5]",7.072000290427703e-05,0.0,0.0,0.0,5490688.0,0.0,10254336.0,0.0,0.0,0.0,0.0,29.05,29.05,25.34,33563008.0,69387136.0,303528800.0,54.72,165888.0,1.89,69.74,0.0,32.0,524288.0,21235712.0,0.0,21235712.0,0.6327118236839797,0.3060468153635855,0.06996275806447362,279.6563512646111,0.0
"[16, 32, 64, 64]","[6, 6]",7.065600224355523e-05,0.0,0.0,0.0,7024640.0,0.0,10473472.0,0.0,0.0,0.0,0.0,47.96,47.96,25.23,33560960.0,69107968.0,303609184.0,56.65,28672.0,0.33,69.47,0.0,32.0,524288.0,24522752.0,0.0,24522752.0,0.7306928049733976,0.354846954840287,0.08077078458865065,323.2364102708636,0.0
"[16, 32, 64, 64]","[7, 7]",5.932799999992915e-05,0.0,0.0,0.0,8673280.0,0.0,11274240.0,0.0,0.0,0.0,0.0,28.27,26.12,30.72,33555968.0,69370080.0,321948416.0,60.64,174080.0,2.41,73.29,0.0,32.0,524288.0,28620800.0,0.0,28620800.0,0.8529272646820977,0.4125813318940961,0.08889871351316106,449.2852808722107,0.0
"[16, 32, 64, 64]","[8, 8]",4.060800327903059e-05,0.0,0.0,0.0,10436608.0,0.0,9879552.0,0.0,0.0,0.0,0.0,43.67,43.67,43.61,33579008.0,68851200.0,268959744.0,69.99,32768.0,0.66,81.69,0.0,32.0,524288.0,30752768.0,0.0,30752768.0,0.9158331300317151,0.44665551217698457,0.11433966861598441,705.2980880028194,0.0
"[16, 32, 64, 64]","[16, 16]",4.3264001309462336e-05,0.0,0.0,0.0,28672000.0,0.0,12484608.0,0.0,0.0,0.0,0.0,38.84,21.54,43.01,33758464.0,72130592.0,136314880.0,73.97,32768.0,0.62,82.67,0.0,32.0,524288.0,69828608.0,0.0,69828608.0,2.0684770491927593,0.9680858851123806,0.5122596153846154,1503.165611502317,0.0
"[16, 32, 64, 64]","[32, 32]",5.7887996410411845e-05,0.0,0.0,0.0,87162880.0,0.0,20840448.0,0.0,0.0,0.0,0.0,30.92,11.08,37.49,36045056.0,84805920.0,75494144.0,72.64,163840.0,2.31,83.45,0.0,32.0,524288.0,195166208.0,0.0,195166208.0,5.4145069992400625,2.3013276431645338,2.5851834017748447,3139.903029703198,0.0
"[16, 32, 97, 97]","[1, 1]",5.67999996706236e-05,0.0,0.0,0.0,0.0,2048.0,28641280.0,3214336.0,0.0,0.0,101888.0,68.12,20.42,66.33,77084800.0,155299008.0,78594528.0,31.92,581783.0,8.43,92.28,6500.0,32.0,1048576.0,35072000.0,52166656.0,87238656.0,1.131723193158703,0.561746382822999,1.1099838400963487,1430.4107426594649,855.3518425481111
"[16, 32, 97, 97]","[2, 2]",0.0004712319961363,0.0,0.0,0.0,1576960.0,0.0,19894272.0,0.0,0.0,0.0,0.0,18.32,18.32,10.34,78028800.0,157170112.0,618500704.0,22.19,20480.0,0.03,34.81,0.0,32.0,524288.0,23048192.0,0.0,23048192.0,0.29538057742782153,0.1466448786395215,0.0372646172444777,45.551451704614756,0.0
"[16, 32, 97, 97]","[3, 3]",0.0002966079971163,0.0,0.0,0.0,2766848.0,0.0,20467712.0,0.0,0.0,0.0,0.0,54.28,54.28,16.25,78846208.0,159216192.0,642123744.0,26.34,22528.0,0.06,47.15,0.0,32.0,524288.0,26001408.0,0.0,26001408.0,0.32977372862370247,0.16330881723386526,0.04049283061552696,81.64209487815167,0.0
"[16, 32, 97, 97]","[4, 4]",0.0001619840038803,0.0,0.0,0.0,4071424.0,0.0,21061632.0,0.0,0.0,0.0,0.0,30.51,30.51,29.12,79698944.0,160996288.0,653139968.0,41.37,24576.0,0.12,58.05,0.0,32.0,524288.0,29204480.0,0.0,29204480.0,0.366434968071848,0.18139846801933718,0.04471396856852588,167.91035443231246,0.0
"[16, 32, 97, 97]","[5, 5]",0.000170976002258,0.0,0.0,0.0,5490688.0,0.0,21676032.0,0.0,0.0,0.0,0.0,33.26,33.26,27.0,80488064.0,162797056.0,666643616.0,36.66,26624.0,0.13,71.55,0.0,32.0,524288.0,32657408.0,0.0,32657408.0,0.40574224769526074,0.20060195683145524,0.04898780580237342,177.88801292086018,0.0
"[16, 32, 97, 97]","[6, 6]",0.0001391039987325,0.0,0.0,0.0,7024640.0,0.0,22310912.0,0.0,0.0,0.0,0.0,63.73,63.73,31.44,81024256.0,164090336.0,681281824.0,38.87,28672.0,0.16,73.97,0.0,32.0,524288.0,36360192.0,0.0,36360192.0,0.44875687596563674,0.2215864315129442,0.05337026575363326,243.43705382670225,0.0
"[16, 32, 97, 97]","[7, 7]",0.0001397760012999,0.0,0.0,0.0,8673280.0,0.0,22966272.0,0.0,0.0,0.0,0.0,29.64,29.64,32.14,81302656.0,165343072.0,693210592.0,41.37,30720.0,0.18,78.01,0.0,32.0,524288.0,40312832.0,0.0,40312832.0,0.49583659357942744,0.24381325151621713,0.058153802704734206,268.60298004753486,0.0
"[16, 32, 97, 97]","[8, 8]",9.852800163312911e-05,0.0,0.0,0.0,10436608.0,0.0,23642112.0,0.0,0.0,0.0,0.0,40.73,31.48,44.63,80547328.0,165707008.0,706811360.0,53.93,32768.0,0.27,82.33,0.0,32.0,524288.0,44515328.0,0.0,44515328.0,0.5526605178014099,0.2686387771843663,0.0629804931261999,420.77510144966334,0.0
"[16, 32, 97, 97]","[16, 16]",8.172800098804915e-05,0.0,0.0,0.0,28672000.0,0.0,29786112.0,0.0,0.0,0.0,0.0,48.07,23.48,51.23,78292480.0,161165344.0,630544320.0,67.05,32768.0,0.33,79.91,0.0,32.0,524288.0,87130112.0,0.0,87130112.0,1.1128797044109473,0.5406256074506937,0.1381823755069271,992.8817449755168,0.0
"[16, 32, 97, 97]","[32, 32]",8.03199977661191e-05,0.0,0.0,0.0,87162880.0,0.0,46006272.0,0.0,0.0,0.0,0.0,49.86,17.33,53.99,82429952.0,171771424.0,430782432.0,75.94,32768.0,0.33,80.81,0.0,32.0,524288.0,220332032.0,0.0,220332032.0,2.672960818902333,1.282704811249629,0.5114693999406178,2554.7833792278607,0.0
"[16, 64, 64, 64]","[1, 1]",4.694399734781205e-05,0.0,0.0,0.0,0.0,4096.0,17825792.0,524288.0,0.0,0.0,16384.0,72.25,18.51,69.56,67110784.0,135350944.0,67239936.0,9.2,33313.0,0.59,58.95,0.0,32.0,131072.0,18878464.0,8388608.0,27267072.0,0.40629941083686344,0.2014546126844893,0.4055190058479532,540.9517964377015,166.4217033354984
"[16, 64, 64, 64]","[2, 2]",0.0002976640012826,0.0,0.0,0.0,3153920.0,0.0,17227776.0,0.0,0.0,0.0,0.0,45.33,45.33,13.85,67132672.0,135273440.0,537136256.0,32.66,40960.0,0.11,43.75,0.0,32.0,1048576.0,23535616.0,0.0,23535616.0,0.3505836323630914,0.1739854919043975,0.0438168448640339,73.63755910635386,0.0
"[16, 64, 64, 64]","[3, 3]",0.0002442559970755,0.0,0.0,0.0,5533696.0,0.0,18632704.0,0.0,0.0,0.0,0.0,29.74,29.74,16.06,67405952.0,137536064.0,571449280.0,36.78,315392.0,1.05,60.14,0.0,32.0,1048576.0,29700096.0,0.0,29700096.0,0.44061533319787544,0.21594405958861815,0.05197328448817015,113.24336026229481,0.0
"[16, 64, 64, 64]","[4, 4]",0.0001208960006411,0.0,0.0,0.0,8142848.0,0.0,17940480.0,0.0,0.0,0.0,0.0,56.2,56.2,28.96,67257856.0,135852320.0,537396704.0,53.91,49152.0,0.33,62.85,0.0,32.0,1048576.0,34226176.0,0.0,34226176.0,0.508879973813022,0.2519366323666758,0.06368884614521193,263.66141297089376,0.0
"[16, 64, 64, 64]","[5, 5]",0.0001310400006463,0.0,0.0,0.0,10981376.0,0.0,20508672.0,0.0,0.0,0.0,0.0,31.46,31.46,27.23,67323264.0,138226624.0,607072704.0,59.08,331776.0,2.04,73.64,0.0,32.0,1048576.0,42471424.0,0.0,42471424.0,0.6308580641604067,0.30725935981768604,0.069961017387466,301.8513106851276,0.0
"[16, 64, 64, 64]","[6, 6]",0.0001159039967417,0.0,0.0,0.0,14049280.0,0.0,20946944.0,0.0,0.0,0.0,0.0,59.53,59.53,31.06,67392000.0,137719232.0,607274432.0,70.16,57344.0,0.4,78.94,0.0,32.0,1048576.0,49045504.0,0.0,49045504.0,0.7277644824311491,0.35612676085791706,0.08076332777336491,394.0949953640381,0.0
"[16, 64, 64, 64]","[7, 7]",0.0001017919970812,0.0,0.0,0.0,17346560.0,0.0,22548480.0,0.0,0.0,0.0,0.0,32.83,30.17,35.14,67529600.0,138163328.0,643887520.0,69.82,348160.0,2.77,83.19,0.0,32.0,1048576.0,57241600.0,0.0,57241600.0,0.8476519926076861,0.41430385927009517,0.088899999179981,523.7189151970699,0.0
"[16, 64, 64, 64]","[8, 8]",7.174399836853495e-05,0.0,0.0,0.0,20873216.0,0.0,19759104.0,0.0,0.0,0.0,0.0,49.29,49.29,48.78,67654656.0,137036064.0,537919488.0,78.76,65536.0,0.75,88.57,0.0,32.0,1048576.0,61505536.0,0.0,61505536.0,0.9091101726982397,0.44882736853854766,0.11433966861598441,798.4151349689366,0.0
"[16, 64, 64, 64]","[16, 16]",7.827200129201422e-05,0.0,0.0,0.0,57344000.0,0.0,24969216.0,0.0,0.0,0.0,0.0,43.74,23.49,46.55,69563904.0,143225024.0,272629760.0,80.58,65536.0,0.68,89.22,0.0,32.0,1048576.0,139657216.0,0.0,139657216.0,2.0076103836840438,0.9750894927411567,0.5122596153846154,1661.717035744429,0.0
"[16, 64, 64, 64]","[32, 32]",0.0001068160022721,0.0,0.0,0.0,174325760.0,0.0,41680896.0,0.0,0.0,0.0,0.0,36.16,11.94,40.47,78010112.0,168351296.0,150997760.0,78.26,327680.0,2.49,89.65,0.0,32.0,1048576.0,390332416.0,0.0,390332416.0,5.00361307005943,2.3185590207752247,2.585021234752092,3403.285864406027,0.0
"[16, 64, 97, 97]","[1, 1]",0.00010527999935,0.0,0.0,0.0,0.0,4096.0,57282560.0,6428672.0,0.0,0.0,203776.0,72.65,21.79,70.65,154171776.0,309857760.0,157237088.0,33.73,1162297.0,8.97,96.05,12158.0,32.0,2097152.0,70144000.0,104333312.0,174477312.0,1.131707219874019,0.5630884054670763,1.1096447677789607,1543.4523216857156,922.948037138262
"[16, 64, 97, 97]","[2, 2]",0.0006864000039064,0.0,0.0,0.0,3153920.0,0.0,39788544.0,0.0,0.0,0.0,0.0,25.44,25.44,14.07,155965056.0,313183840.0,1236994880.0,30.81,40960.0,0.05,48.47,0.0,32.0,1048576.0,46096384.0,0.0,46096384.0,0.2955558455350409,0.14718634269252207,0.03726481390125075,62.544584474096126,0.0
"[16, 64, 97, 97]","[3, 3]",0.0004583680038482,0.0,0.0,0.0,5533696.0,0.0,40935424.0,0.0,0.0,0.0,0.0,70.33,70.33,20.86,157939456.0,316823072.0,1284226400.0,34.11,45056.0,0.08,62.48,0.0,32.0,1048576.0,52002816.0,0.0,52002816.0,0.3292579151342651,0.16413834911619063,0.040493495539415794,105.66050875665891,0.0
"[16, 64, 97, 97]","[4, 4]",0.0003014720035367,0.0,0.0,0.0,8142848.0,0.0,42123264.0,0.0,0.0,0.0,0.0,32.63,32.63,30.72,159546240.0,320490784.0,1306283904.0,44.19,49152.0,0.13,71.31,0.0,32.0,1048576.0,58408960.0,0.0,58408960.0,0.36609424327392487,0.18224848549779205,0.04471383274427915,180.43991604411238,0.0
"[16, 64, 97, 97]","[5, 5]",0.0003291840006433,0.0,0.0,0.0,10981376.0,0.0,43352064.0,0.0,0.0,0.0,0.0,34.51,34.51,27.98,160439040.0,323799968.0,1333272224.0,38.02,53248.0,0.13,75.42,0.0,32.0,1048576.0,65314816.0,0.0,65314816.0,0.4071005161835922,0.20171347268323386,0.04898835723438877,184.78772503761513,0.0
"[16, 64, 97, 97]","[6, 6]",0.0002311680022253,0.0,0.0,0.0,14049280.0,0.0,44621824.0,0.0,0.0,0.0,0.0,77.0,77.0,37.67,163193216.0,329198912.0,1362480544.0,46.9,57344.0,0.2,84.34,0.0,32.0,1048576.0,72720384.0,0.0,72720384.0,0.4456091115944428,0.2209010459913063,0.053373521053376595,292.9736581272147,0.0
"[16, 64, 97, 97]","[7, 7]",0.0002384320019307,0.0,0.0,0.0,17346560.0,0.0,45932544.0,0.0,0.0,0.0,0.0,34.47,34.47,37.29,163506688.0,331297024.0,1386353248.0,48.01,61440.0,0.21,84.98,0.0,32.0,1048576.0,80625664.0,0.0,80625664.0,0.4931031567344817,0.24336368321859722,0.058156652437835236,314.9262698317942,0.0
"[16, 64, 97, 97]","[8, 8]",0.0001723840025666,0.0,0.0,0.0,20873216.0,0.0,47284224.0,0.0,0.0,0.0,0.0,45.84,35.49,49.62,161275264.0,331666240.0,1413561888.0,60.52,65536.0,0.3,92.03,0.0,32.0,1048576.0,89030656.0,0.0,89030656.0,0.552041607571016,0.26843448401622066,0.06298320346339162,480.9974158338189,0.0
"[16, 64, 97, 97]","[16, 16]",0.0001461760006466,0.0,0.0,0.0,57344000.0,0.0,59572224.0,0.0,0.0,0.0,0.0,53.17,25.85,56.34,157545984.0,322066048.0,1261119552.0,73.57,65536.0,0.36,86.53,0.0,32.0,1048576.0,174260224.0,0.0,174260224.0,1.106091184145957,0.5410698367062895,0.13817898844216794,1110.2539387509564,0.0
"[16, 64, 97, 97]","[32, 32]",0.0001503359967592,0.0,0.0,0.0,174325760.0,0.0,92012544.0,0.0,0.0,0.0,0.0,55.26,18.83,58.62,167981312.0,343191264.0,861583136.0,82.35,65536.0,0.35,86.01,0.0,32.0,1048576.0,440664064.0,0.0,440664064.0,2.6232921909789586,1.2840188845832625,0.5114585529677776,2729.887714665949,0.0
"[16, 128, 64, 64]","[1, 1]",9.228800195400672e-05,0.0,0.0,0.0,0.0,8192.0,35651584.0,1048576.0,0.0,0.0,32768.0,72.32,18.5,69.24,134226688.0,268446592.0,134479872.0,9.08,67064.0,0.59,96.48,0.0,32.0,262144.0,37756928.0,16777216.0,54534144.0,0.406283912778955,0.20314709005506765,0.4055190058479532,550.3302522449532,169.30694856506898
"[16, 128, 64, 64]","[2, 2]",0.0004320000038811,0.0,0.0,0.0,6307840.0,0.0,34455552.0,0.0,0.0,0.0,0.0,63.06,63.06,19.04,134304896.0,269980192.0,1074262528.0,45.39,81920.0,0.15,60.26,0.0,32.0,2097152.0,47071232.0,0.0,47071232.0,0.35048038755042854,0.1743506871793024,0.043817252089798295,101.47801060813933,0.0
"[16, 128, 64, 64]","[3, 3]",0.0004163520006409,0.0,0.0,0.0,11067392.0,0.0,37265408.0,0.0,0.0,0.0,0.0,34.52,34.52,18.66,136023296.0,276472704.0,1142879616.0,42.6,630784.0,1.21,71.21,0.0,32.0,2097152.0,59400192.0,0.0,59400192.0,0.4366913149935729,0.2148501141002332,0.05197414598039344,132.87011869989163,0.0
"[16, 128, 64, 64]","[4, 4]",0.000202016002586,0.0,0.0,0.0,16285696.0,0.0,35880960.0,0.0,0.0,0.0,0.0,67.87,67.87,34.69,134587264.0,270690176.0,1074791680.0,65.0,98304.0,0.39,77.13,0.0,32.0,2097152.0,68452352.0,0.0,68452352.0,0.5086094327617805,0.2528808138201513,0.06368894854117219,315.5751024030165,0.0
"[16, 128, 64, 64]","[5, 5]",0.0002374400012901,0.0,0.0,0.0,21962752.0,0.0,41017344.0,0.0,0.0,0.0,0.0,34.76,34.76,29.9,134822144.0,276918528.0,1214126208.0,65.09,663552.0,2.25,81.46,0.0,32.0,2097152.0,84942848.0,0.0,84942848.0,0.6300363240032735,0.30674310098889446,0.06996212373993989,333.17550313637776,0.0
"[16, 128, 64, 64]","[6, 6]",0.0002143999961392,0.0,0.0,0.0,28098560.0,0.0,41893888.0,0.0,0.0,0.0,0.0,63.63,63.63,33.03,135097216.0,274910816.0,1214554400.0,74.9,114688.0,0.43,83.21,0.0,32.0,2097152.0,98091008.0,0.0,98091008.0,0.7260771976233766,0.3568102900687618,0.08076295965005767,426.0931518761564,0.0
"[16, 128, 64, 64]","[7, 7]",0.0001892480022615,0.0,0.0,0.0,34693120.0,0.0,45096960.0,0.0,0.0,0.0,0.0,35.28,32.38,37.58,135409792.0,275911968.0,1287821728.0,74.79,696320.0,2.97,88.38,0.0,32.0,2097152.0,114483200.0,0.0,114483200.0,0.8454573211367166,0.41492654642657617,0.08889677624696825,563.3918841948555,0.0
"[16, 128, 64, 64]","[8, 8]",0.0001331199961324,0.0,0.0,0.0,41746432.0,0.0,39518208.0,0.0,0.0,0.0,0.0,52.55,52.55,51.81,135777152.0,273472544.0,1075838976.0,83.81,131072.0,0.79,91.83,0.0,32.0,2097152.0,123011072.0,0.0,123011072.0,0.905977700872677,0.44981141507207395,0.11433966861598441,860.5993961065523,0.0
"[16, 128, 64, 64]","[16, 16]",0.0001474560038767,0.0,0.0,0.0,114688000.0,0.0,49938432.0,0.0,0.0,0.0,0.0,47.07,24.95,49.31,140810496.0,285861312.0,545259520.0,85.52,131072.0,0.72,92.4,0.0,32.0,2097152.0,279314432.0,0.0,279314432.0,1.9836194029172372,0.9770977053376149,0.5122596153846154,1764.131870513848,0.0
"[16, 128, 64, 64]","[32, 32]",0.0002032960016121,0.0,0.0,0.0,348651520.0,0.0,83361792.0,0.0,0.0,0.0,0.0,39.2,12.46,42.18,161853824.0,336470880.0,301985664.0,81.69,655360.0,2.6,92.99,0.0,32.0,2097152.0,780664832.0,0.0,780664832.0,4.823270854570604,2.320155705599248,2.585105602893785,3576.3161866668343,0.0
"[16, 128, 97, 97]","[1, 1]",0.0001980480042207,0.0,0.0,0.0,0.0,8192.0,114565120.0,12857344.0,0.0,0.0,407552.0,77.18,23.15,75.06,308346496.0,617914240.0,314406752.0,35.65,2324857.0,9.53,96.72,24038.0,32.0,4194304.0,140288000.0,208666624.0,348954624.0,1.131696414672408,0.5647298628366293,1.1098827292360438,1640.9623521653662,981.2567325012609
"[16, 128, 97, 97]","[2, 2]",0.0009607040031976,0.0,0.0,0.0,6307840.0,0.0,79577088.0,0.0,0.0,0.0,0.0,35.75,35.75,19.64,312501120.0,625481248.0,2473988416.0,43.27,81920.0,0.07,61.78,0.0,32.0,2097152.0,92192768.0,0.0,92192768.0,0.2950158002633719,0.14739493517158167,0.03726483414544816,89.3732156511347,0.0
"[16, 128, 97, 97]","[3, 3]",0.0007725440006442,0.0,0.0,0.0,11067392.0,0.0,81870848.0,0.0,0.0,0.0,0.0,84.32,84.32,24.91,316197760.0,634013408.0,2568502080.0,40.88,90112.0,0.09,73.57,0.0,32.0,2097152.0,104005632.0,0.0,104005632.0,0.3289258975142645,0.1640432689398266,0.04049271861987357,125.38158718206236,0.0
"[16, 128, 97, 97]","[4, 4]",0.0004895680022547,0.0,0.0,0.0,16285696.0,0.0,84246528.0,0.0,0.0,0.0,0.0,40.28,40.28,37.87,319899136.0,641316480.0,2612570656.0,54.5,98304.0,0.16,79.36,0.0,32.0,2097152.0,116817920.0,0.0,116817920.0,0.36517110193132873,0.1821533106400135,0.04471378400110148,222.22687249691577,0.0
"[16, 128, 97, 97]","[5, 5]",0.0005863359980751,0.0,0.0,0.0,21962752.0,0.0,86704128.0,0.0,0.0,0.0,0.0,38.59,38.59,31.27,323359104.0,649714976.0,2666592896.0,42.49,106496.0,0.15,83.26,0.0,32.0,2097152.0,130629632.0,0.0,130629632.0,0.40397697291986556,0.20105682772502384,0.048987467189292325,207.4890942986756,0.0
"[16, 128, 97, 97]","[6, 6]",0.0004175360025745,0.0,0.0,0.0,28098560.0,0.0,89243648.0,0.0,0.0,0.0,0.0,86.37,86.37,42.47,326489344.0,658391264.0,2724978464.0,52.57,114688.0,0.22,87.24,0.0,32.0,2097152.0,145440768.0,0.0,145440768.0,0.44546865211012826,0.2209032469786841,0.05337318071369536,324.40860110894045,0.0
"[16, 128, 97, 97]","[7, 7]",0.0004395839987166,0.0,0.0,0.0,34693120.0,0.0,91865088.0,0.0,0.0,0.0,0.0,37.36,37.36,40.38,327472512.0,663608064.0,2772718080.0,51.96,122880.0,0.22,90.35,0.0,32.0,2097152.0,161251328.0,0.0,161251328.0,0.49241179668845,0.24299181512055887,0.058156409468069686,341.63436883867143,0.0
"[16, 128, 97, 97]","[8, 8]",0.000332800004183,0.0,0.0,0.0,41746432.0,0.0,94568448.0,0.0,0.0,0.0,0.0,47.74,36.89,51.76,323340288.0,663034848.0,2827138016.0,62.84,131072.0,0.32,93.93,0.0,32.0,2097152.0,178061312.0,0.0,178061312.0,0.5506932436455305,0.26855498249769216,0.0629828862235497,498.2948240591429,0.0
"[16, 128, 97, 97]","[16, 16]",0.0002788479961435,0.0,0.0,0.0,114688000.0,0.0,119144448.0,0.0,0.0,0.0,0.0,55.63,26.96,58.78,316019968.0,642636768.0,2522133184.0,76.64,131072.0,0.38,88.67,0.0,32.0,2097152.0,348520448.0,0.0,348520448.0,1.1028431216093282,0.5423288323272534,0.1381847914340752,1164.0211349070012,0.0
"[16, 128, 97, 97]","[32, 32]",0.0002873599987083,0.0,0.0,0.0,348651520.0,0.0,184025088.0,0.0,0.0,0.0,0.0,58.13,19.63,60.91,339040384.0,686170496.0,1723190400.0,85.77,131072.0,0.37,88.66,0.0,32.0,2097152.0,881328128.0,0.0,881328128.0,2.5994783205531053,1.2844156563677143,0.511451391558356,2856.3501703074458,0.0
"[16, 256, 64, 64]","[1, 1]",0.0001576320035646,0.0,0.0,0.0,0.0,16384.0,71303168.0,2097152.0,0.0,0.0,65536.0,84.31,21.55,79.96,268502656.0,537069824.0,268959104.0,10.4,135242.0,0.69,96.59,0.0,32.0,524288.0,75513856.0,33554432.0,109068288.0,0.40620934490867755,0.20308027583392957,0.40551997079823704,644.398069503915,198.24654444104223
"[16, 256, 64, 64]","[2, 2]",0.0007528639993603,0.0,0.0,0.0,12615680.0,0.0,68911104.0,0.0,0.0,0.0,0.0,71.95,71.95,21.62,268655104.0,539203616.0,2148528096.0,51.77,163840.0,0.17,71.26,0.0,32.0,4194304.0,94142464.0,0.0,94142464.0,0.35042127470617496,0.17459538698642554,0.04381719009179762,116.45795525835098,0.0
"[16, 256, 64, 64]","[3, 3]",0.0007646720003233,0.0,0.0,0.0,22134784.0,0.0,74530816.0,0.0,0.0,0.0,0.0,37.63,37.63,20.37,273420544.0,554041344.0,2285741024.0,46.39,1261568.0,1.32,78.5,0.0,32.0,4194304.0,118800384.0,0.0,118800384.0,0.43449691914884053,0.2144251242015614,0.0519745600015971,144.69142252548644,0.0
"[16, 256, 64, 64]","[4, 4]",0.000374368002569,0.0,0.0,0.0,32571392.0,0.0,71761920.0,0.0,0.0,0.0,0.0,72.8,72.8,37.06,269332096.0,540816096.0,2149579616.0,69.65,196608.0,0.42,83.66,0.0,32.0,4194304.0,136904704.0,0.0,136904704.0,0.5083118797694278,0.2531446549253593,0.06368905947050067,340.5804997523792,0.0
"[16, 256, 64, 64]","[5, 5]",0.0004532159971093,0.0,0.0,0.0,43925504.0,0.0,82034688.0,0.0,0.0,0.0,0.0,36.3,36.3,31.15,269874688.0,553895296.0,2428175072.0,67.88,1327104.0,2.35,85.25,0.0,32.0,4194304.0,169885696.0,0.0,169885696.0,0.6294984433664265,0.3067108481094593,0.06996435222443466,349.10149861922395,0.0
"[16, 256, 64, 64]","[6, 6]",0.000413280001285,0.0,0.0,0.0,56197120.0,0.0,83787776.0,0.0,0.0,0.0,0.0,66.01,66.01,34.23,270484992.0,549343520.0,2429172768.0,77.65,229376.0,0.45,85.65,0.0,32.0,4194304.0,196182016.0,0.0,196182016.0,0.7252972320179598,0.3571208339728846,0.08076083289930903,442.09431781427554,0.0
"[16, 256, 64, 64]","[7, 7]",0.000364031997112,0.0,0.0,0.0,69386240.0,0.0,90193920.0,0.0,0.0,0.0,0.0,36.54,33.48,38.8,271208960.0,551267680.0,2575379136.0,77.26,1392640.0,3.07,90.81,0.0,32.0,4194304.0,228966400.0,0.0,228966400.0,0.8442434940202566,0.4153452275671231,0.08890590002822792,585.7770164165829,0.0
"[16, 256, 64, 64]","[8, 8]",0.0002574079974217,0.0,0.0,0.0,83492864.0,0.0,79036416.0,0.0,0.0,0.0,0.0,54.36,54.36,53.47,272125184.0,545987744.0,2151677952.0,86.62,262144.0,0.82,93.57,0.0,32.0,4194304.0,246022144.0,0.0,246022144.0,0.9040770882859559,0.4506001218957765,0.11433966861598441,890.1276528216533,0.0
"[16, 256, 64, 64]","[16, 16]",0.0002859840019307,0.0,0.0,0.0,229376000.0,0.0,99876864.0,0.0,0.0,0.0,0.0,48.71,25.65,50.66,283277696.0,571408608.0,1090519040.0,87.89,262144.0,0.74,94.15,0.0,32.0,4194304.0,558628864.0,0.0,558628864.0,1.9720185241834218,0.9776346666447139,0.5122596153846154,1819.2055092685603,0.0
"[16, 256, 64, 64]","[32, 32]",0.0003971519974288,0.0,0.0,0.0,697303040.0,0.0,166723584.0,0.0,0.0,0.0,0.0,40.77,12.71,42.94,329695616.0,671533888.0,603982080.0,83.36,1310720.0,2.65,94.69,0.0,32.0,4194304.0,1561329664.0,0.0,1561329664.0,4.735670079398326,2.3250199161952048,2.5850595832247207,3661.3225463147423,0.0
"[16, 256, 97, 97]","[1, 1]",0.0003873280006474,0.0,0.0,0.0,0.0,16384.0,229130240.0,25714688.0,0.0,0.0,815104.0,78.84,23.64,76.63,616691328.0,1235930560.0,628819232.0,36.33,4648271.0,9.73,96.57,47771.0,32.0,8388608.0,280576000.0,417333248.0,697909248.0,1.1316994682954258,0.5646832197433487,1.1098726191631492,1678.1090874114568,1003.4696028956176
"[16, 256, 97, 97]","[2, 2]",0.0016771840003189,0.0,0.0,0.0,12615680.0,0.0,159154176.0,0.0,0.0,0.0,0.0,41.05,41.05,22.5,625104640.0,1252733920.0,4947962848.0,49.67,163840.0,0.08,74.68,0.0,32.0,4194304.0,184385536.0,0.0,184385536.0,0.29496747296580617,0.1471865118811503,0.03726493946383003,102.38734216205478,0.0
"[16, 256, 97, 97]","[3, 3]",0.0014372480035243,0.0,0.0,0.0,22134784.0,0.0,163741696.0,0.0,0.0,0.0,0.0,89.84,89.84,26.49,632630784.0,1269195136.0,5136988704.0,43.54,180224.0,0.1,80.71,0.0,32.0,4194304.0,208011264.0,0.0,208011264.0,0.32880357589427706,0.16389226376612903,0.04049284045301261,134.7892538117724,0.0
"[16, 256, 97, 97]","[4, 4]",0.0009155199958214,0.0,0.0,0.0,32571392.0,0.0,168493056.0,0.0,0.0,0.0,0.0,43.01,43.01,40.26,640250752.0,1282950752.0,5225118592.0,58.17,196608.0,0.17,85.64,0.0,32.0,4194304.0,233635840.0,0.0,233635840.0,0.3649130270759916,0.18210819054105049,0.044713978426769455,237.66857417027688,0.0
"[16, 256, 97, 97]","[5, 5]",0.0011258879964704,0.0,0.0,0.0,43925504.0,0.0,173408256.0,0.0,0.0,0.0,0.0,40.26,40.26,32.63,647858688.0,1300499392.0,5333213440.0,44.32,212992.0,0.15,87.28,0.0,32.0,4194304.0,261259264.0,0.0,261259264.0,0.40326581836315517,0.20089149261209344,0.04898721323255347,216.11088416735055,0.0
"[16, 256, 97, 97]","[6, 6]",0.0008135999971064,0.0,0.0,0.0,56197120.0,0.0,178487296.0,0.0,0.0,0.0,0.0,88.48,88.48,43.36,653631872.0,1315547392.0,5449962272.0,53.84,229376.0,0.23,88.98,0.0,32.0,4194304.0,290881536.0,0.0,290881536.0,0.4450234886954839,0.22111064775688447,0.05337312837823623,332.97018434010266,0.0
"[16, 256, 97, 97]","[7, 7]",0.0008554560003232,0.0,0.0,0.0,69386240.0,0.0,183730176.0,0.0,0.0,0.0,0.0,38.4,38.4,41.42,656061696.0,1327142112.0,5545402208.0,53.36,245760.0,0.23,92.77,0.0,32.0,4194304.0,322502656.0,0.0,322502656.0,0.4915736705347907,0.24300536700925665,0.05815676553357047,351.1039770517399,0.0
"[16, 256, 97, 97]","[8, 8]",0.0006494080025703,0.0,0.0,0.0,83492864.0,0.0,189136896.0,0.0,0.0,0.0,0.0,48.87,37.76,52.93,646679040.0,1325347616.0,5654265376.0,64.29,262144.0,0.32,95.63,0.0,32.0,4194304.0,356122624.0,0.0,356122624.0,0.5506945516588878,0.2687012974564403,0.0629830049207793,510.7190514280681,0.0
"[16, 256, 97, 97]","[16, 16]",0.0005436160038514,0.0,0.0,0.0,229376000.0,0.0,238288896.0,0.0,0.0,0.0,0.0,57.13,27.64,60.06,632909056.0,1282280192.0,5044240544.0,78.54,262144.0,0.39,90.0,0.0,32.0,4194304.0,697040896.0,0.0,697040896.0,1.1013286812568535,0.5435948401517536,0.13818549887140355,1194.169997343297,0.0
"[16, 256, 97, 97]","[32, 32]",0.0005612480041793,0.0,0.0,0.0,697303040.0,0.0,368050176.0,0.0,0.0,0.0,0.0,59.62,20.04,61.91,681193600.0,1370058336.0,3446303392.0,87.52,262144.0,0.38,90.06,0.0,32.0,4194304.0,1762656256.0,0.0,1762656256.0,2.5875995546640485,1.286555622986261,0.5114628793540648,2924.9129623195295,0.0
"[16, 512, 64, 64]","[1, 1]",0.000297311998694,0.0,0.0,0.0,0.0,32768.0,142606336.0,4194304.0,0.0,0.0,131072.0,90.11,23.03,85.01,537005312.0,1073639136.0,537919456.0,11.01,270634.0,0.74,98.32,0.0,32.0,1048576.0,151027712.0,67108864.0,218136576.0,0.40620934490867755,0.20317494834689037,0.40551902997165434,683.3074967391985,210.2168774706142
"[16, 512, 64, 64]","[2, 2]",0.0013779839996835,0.0,0.0,0.0,25231360.0,0.0,137822208.0,0.0,0.0,0.0,0.0,78.2,78.2,23.43,537366912.0,1077815680.0,4297072352.0,56.25,327680.0,0.19,79.48,0.0,32.0,8388608.0,188284928.0,0.0,188284928.0,0.3503842975728286,0.17469121250861744,0.04381702530849078,127.2540203271779,0.0
"[16, 512, 64, 64]","[3, 3]",0.001460800000001,0.0,0.0,0.0,44269568.0,0.0,149061632.0,0.0,0.0,0.0,0.0,39.5,39.5,21.38,547937024.0,1108465472.0,4571528416.0,48.66,2523136.0,1.39,82.81,0.0,32.0,8388608.0,237600768.0,0.0,237600768.0,0.4336278761845449,0.21435107723409538,0.05197403283514885,151.48066743169736,0.0
"[16, 512, 64, 64]","[4, 4]",0.0007165440019232,0.0,0.0,0.0,65142784.0,0.0,143523840.0,0.0,0.0,0.0,0.0,76.09,76.09,38.67,538821248.0,1081022720.0,4299166368.0,72.75,393216.0,0.44,87.59,0.0,32.0,8388608.0,273809408.0,0.0,273809408.0,0.5081637166617453,0.2532873758656987,0.06368895375579008,355.88167946151015,0.0
"[16, 512, 64, 64]","[5, 5]",0.0008816319987151,0.0,0.0,0.0,87851008.0,0.0,164069376.0,0.0,0.0,0.0,0.0,37.39,37.39,32.05,539973376.0,1107938656.0,4856550880.0,69.88,2654208.0,2.42,87.38,0.0,32.0,8388608.0,339771392.0,0.0,339771392.0,0.629237305211137,0.306669859526952,0.06996146038523537,358.9215999865061,0.0
"[16, 512, 64, 64]","[6, 6]",0.0008109760022471,0.0,0.0,0.0,112394240.0,0.0,167575552.0,0.0,0.0,0.0,0.0,67.23,67.23,34.81,541299712.0,1098400096.0,4858204512.0,79.06,458752.0,0.45,86.95,0.0,32.0,8388608.0,392364032.0,0.0,392364032.0,0.7248554235329059,0.35721412755593934,0.08076317722542184,450.5897578426856,0.0
"[16, 512, 64, 64]","[7, 7]",0.0007144639990368,0.0,0.0,0.0,138772480.0,0.0,180387840.0,0.0,0.0,0.0,0.0,37.26,34.12,39.51,542891776.0,1102135104.0,5150720192.0,78.7,2785280.0,3.13,92.08,0.0,32.0,8388608.0,457932800.0,0.0,457932800.0,0.8435066071069015,0.41549606607939055,0.08890655732207167,596.9274237356052,0.0
"[16, 512, 64, 64]","[8, 8]",0.000504704001606,0.0,0.0,0.0,166985728.0,0.0,158072832.0,0.0,0.0,0.0,0.0,55.29,55.29,54.32,544757760.0,1091326080.0,4303355904.0,88.07,524288.0,0.83,94.46,0.0,32.0,8388608.0,492044288.0,0.0,492044288.0,0.903235023214722,0.45086825745060544,0.11433966861598441,907.961798731164,0.0
"[16, 512, 64, 64]","[16, 16]",0.0005625599987132,0.0,0.0,0.0,458752000.0,0.0,199753728.0,0.0,0.0,0.0,0.0,49.65,26.03,51.39,568633984.0,1141615200.0,2181037952.0,89.19,524288.0,0.75,95.02,0.0,32.0,8388608.0,1117257728.0,0.0,1117257728.0,1.964809982232789,0.9786640261972686,0.5122596454479302,1849.6290993495852,0.0
"[16, 512, 64, 64]","[32, 32]",0.0007854080009624,0.0,0.0,0.0,1394606080.0,0.0,333447168.0,0.0,0.0,0.0,0.0,41.59,12.85,43.36,665173120.0,1342210912.0,1207962752.0,84.26,2621440.0,2.68,95.57,0.0,32.0,8388608.0,3122659328.0,0.0,3122659328.0,4.694506188103332,2.326504202940052,2.58506259636721,3702.7928432565395,0.0
"[16, 512, 97, 97]","[1, 1]",0.0007596480000029,0.0,0.0,0.0,0.0,32768.0,458260480.0,51429376.0,0.0,0.0,1630208.0,79.8,23.95,78.22,1233385344.0,2472100576.0,1257691552.0,36.73,9288490.0,9.83,96.92,102390.0,32.0,16777216.0,561152000.0,834666496.0,1395818496.0,1.131697001906324,0.5646285226220504,1.109825770698983,1711.2626840137304,1023.294670685676
"[16, 512, 97, 97]","[2, 2]",0.0030194559961396,0.0,0.0,0.0,25231360.0,0.0,318308352.0,0.0,0.0,0.0,0.0,45.68,45.68,24.96,1250289536.0,2505095488.0,9895946592.0,55.27,327680.0,0.09,81.42,0.0,32.0,8388608.0,368771072.0,0.0,368771072.0,0.29494853902384416,0.14720838936739164,0.037264860776241346,113.74394084823462,0.0
"[16, 512, 97, 97]","[3, 3]",0.0027867199977464,0.0,0.0,0.0,44269568.0,0.0,327483392.0,0.0,0.0,0.0,0.0,92.74,92.74,27.31,1265512960.0,2533935104.0,10273930784.0,44.94,360448.0,0.1,84.42,0.0,32.0,8388608.0,416022528.0,0.0,416022528.0,0.3287382596224064,0.1641804193577327,0.04049302421307806,139.0348410275625,0.0
"[16, 512, 97, 97]","[4, 4]",0.0017690559990314,0.0,0.0,0.0,65142784.0,0.0,336986112.0,0.0,0.0,0.0,0.0,44.49,44.49,41.59,1280893824.0,2564129760.0,10450247904.0,60.16,393216.0,0.18,88.94,0.0,32.0,8388608.0,467271680.0,0.0,467271680.0,0.36480125928064433,0.18223402235306532,0.04471393255858976,245.9959799468031,0.0
"[16, 512, 97, 97]","[5, 5]",0.0021986239980679,0.0,0.0,0.0,87851008.0,0.0,346816512.0,0.0,0.0,0.0,0.0,41.19,41.19,33.34,1296107264.0,2600932032.0,10666390176.0,45.34,425984.0,0.16,88.47,0.0,32.0,8388608.0,522518528.0,0.0,522518528.0,0.40314451011363206,0.20089664842114566,0.04898738180192369,221.33539032089715,0.0
"[16, 512, 97, 97]","[6, 6]",0.001597376001282,0.0,0.0,0.0,112394240.0,0.0,356974592.0,0.0,0.0,0.0,0.0,90.06,90.06,44.08,1308415104.0,2630855584.0,10899931552.0,54.78,458752.0,0.23,90.53,0.0,32.0,8388608.0,581763072.0,0.0,581763072.0,0.4446318834301687,0.2211307513563618,0.05337309406252683,339.18694258359477,0.0
"[16, 512, 97, 97]","[7, 7]",0.0016830719974379,0.0,0.0,0.0,138772480.0,0.0,367460352.0,0.0,0.0,0.0,0.0,39.04,39.04,42.12,1311280256.0,2654010336.0,11090802336.0,54.24,491520.0,0.23,93.66,0.0,32.0,8388608.0,645005312.0,0.0,645005312.0,0.4918897459552689,0.24303044462596998,0.058156776440452466,356.91165245868467,0.0
"[16, 512, 97, 97]","[8, 8]",0.0012793279990381,0.0,0.0,0.0,166985728.0,0.0,378273792.0,0.0,0.0,0.0,0.0,49.59,38.31,53.74,1293451904.0,2651356576.0,11308541568.0,65.21,524288.0,0.33,96.42,0.0,32.0,8388608.0,712245248.0,0.0,712245248.0,0.5506546055538529,0.2686342736571997,0.06298294468098824,518.4988358136021,0.0
"[16, 512, 97, 97]","[16, 16]",0.0010734719987137,0.0,0.0,0.0,458752000.0,0.0,476577792.0,0.0,0.0,0.0,0.0,57.87,27.98,60.75,1266687360.0,2567722752.0,10088688224.0,79.47,524288.0,0.39,90.7,0.0,32.0,8388608.0,1394081792.0,0.0,1394081792.0,1.1005729085352205,0.5429253570753109,0.13818266171449486,1209.4771408157367,0.0
"[16, 512, 97, 97]","[32, 32]",0.0011087999964643,0.0,0.0,0.0,1394606080.0,0.0,736100352.0,0.0,0.0,0.0,0.0,60.44,20.27,62.66,1365444736.0,2740382912.0,6892628320.0,88.5,524288.0,0.38,90.79,0.0,32.0,8388608.0,3525312512.0,0.0,3525312512.0,2.5818053408204724,1.2864306285675744,0.5114612812895735,2961.041788843214,0.0
"[16, 1024, 64, 64]","[1, 1]",0.0005940159961409,0.0,0.0,0.0,0.0,65536.0,285212672.0,8388608.0,0.0,0.0,262144.0,88.85,22.7,84.17,1073990528.0,2146558656.0,1075838880.0,10.8,539047.0,0.73,98.63,0.0,32.0,2097152.0,302055424.0,134217728.0,436273152.0,0.40621694570475764,0.20324306106452839,0.40551904203350597,684.0068917266556,210.43204360165097
"[16, 1024, 64, 64]","[2, 2]",0.0026384640038534,0.0,0.0,0.0,50462720.0,0.0,275644416.0,0.0,0.0,0.0,0.0,82.06,82.06,24.56,1074741632.0,2155210400.0,8594129216.0,59.02,655360.0,0.2,84.54,0.0,32.0,16777216.0,376569856.0,0.0,376569856.0,0.3503817520302405,0.17472533354516107,0.04381710427380197,132.92127817559805,0.0
"[16, 1024, 64, 64]","[3, 3]",0.002836928003535,0.0,0.0,0.0,88539136.0,0.0,298123264.0,0.0,0.0,0.0,0.0,40.65,40.65,22.0,1097208576.0,2218317728.0,9143050176.0,50.06,5046272.0,1.43,85.33,0.0,32.0,16777216.0,475201536.0,0.0,475201536.0,0.43310045728260876,0.21421707539994017,0.05197407067144592,156.0018151385173,0.0
"[16, 1024, 64, 64]","[4, 4]",0.0013991359990338,0.0,0.0,0.0,130285568.0,0.0,287047680.0,0.0,0.0,0.0,0.0,77.97,77.97,39.6,1077789952.0,2161310144.0,8598323776.0,74.54,786432.0,0.45,89.79,0.0,32.0,16777216.0,547618816.0,0.0,547618816.0,0.5080941931067474,0.25337354637428655,0.06368902012372882,364.51764944737107,0.0
"[16, 1024, 64, 64]","[5, 5]",0.0017368959990426,0.0,0.0,0.0,175702016.0,0.0,328138752.0,0.0,0.0,0.0,0.0,37.9,37.9,32.48,1080174464.0,2216076672.0,9712979904.0,70.82,5308416.0,2.45,88.51,0.0,32.0,16777216.0,679542784.0,0.0,679542784.0,0.6291046554494367,0.30664227126524257,0.06996233809977828,364.37042603880616,0.0
"[16, 1024, 64, 64]","[6, 6]",0.0016042559974322,0.0,0.0,0.0,224788480.0,0.0,335151104.0,0.0,0.0,0.0,0.0,67.89,67.89,35.13,1082903296.0,2196096000.0,9716122880.0,79.82,917504.0,0.46,87.64,0.0,32.0,16777216.0,784728064.0,0.0,784728064.0,0.7246520228524634,0.35732867051349304,0.08076555573574631,455.5600615533226,0.0
"[16, 1024, 64, 64]","[7, 7]",0.0014162239961475,0.0,0.0,0.0,277544960.0,0.0,360775680.0,0.0,0.0,0.0,0.0,37.63,34.44,39.88,1086170752.0,2203508704.0,10301685152.0,79.43,5570560.0,3.16,92.74,0.0,32.0,16777216.0,915865600.0,0.0,915865600.0,0.8432059124346593,0.41563965612545184,0.0889044449026081,602.2820619577423,0.0
"[16, 1024, 64, 64]","[8, 8]",0.0010007039958303,0.0,0.0,0.0,333971456.0,0.0,316145664.0,0.0,0.0,0.0,0.0,55.76,55.76,54.76,1089971712.0,2181872704.0,8606711968.0,88.8,1048576.0,0.84,94.89,0.0,32.0,16777216.0,984088576.0,0.0,984088576.0,0.9028569871728928,0.4510293264111525,0.1143396664903937,915.8591452306155,0.0
"[16, 1024, 64, 64]","[16, 16]",0.0011158399980722,0.0,0.0,0.0,917504000.0,0.0,399507456.0,0.0,0.0,0.0,0.0,50.1,26.22,51.74,1138994688.0,2282523328.0,4362076416.0,89.84,1048576.0,0.75,95.47,0.0,32.0,16777216.0,2234515456.0,0.0,2234515456.0,1.9618313233081557,0.9789671932763703,0.512259585321304,1865.01173205421,0.0
"[16, 1024, 64, 64]","[32, 32]",0.0015598080035307,0.0,0.0,0.0,2789212160.0,0.0,666894336.0,0.0,0.0,0.0,0.0,42.01,12.92,43.57,1336255744.0,2684846880.0,2415904128.0,84.72,5242880.0,2.7,96.02,0.0,32.0,16777216.0,6245318656.0,0.0,6245318656.0,4.673745040230862,2.326135878557067,2.585085469086959,3728.9244809837405,0.0
"[16, 1024, 97, 97]","[1, 1]",0.0015216319964696,0.0,0.0,0.0,0.0,65536.0,916520960.0,102858752.0,0.0,0.0,3260416.0,159.97,47.99,156.71,2466795136.0,4943881888.0,2515164640.0,73.62,18577051.0,19.72,193.83,206431.0,64.0,33554432.0,1122304000.0,1669332992.0,2791636992.0,1.1316857858438716,0.5646649849738481,1.1099221687531358,1708.6355681356708,1021.7237174343687
"[16, 1024, 97, 97]","[2, 2]",0.0057668800028958,0.0,0.0,0.0,50462720.0,0.0,636616704.0,0.0,0.0,0.0,0.0,47.81,47.81,26.1,2500801408.0,5007430752.0,19791865408.0,57.84,655360.0,0.09,85.77,0.0,32.0,16777216.0,737542144.0,0.0,737542144.0,0.2949223163585167,0.14728953439953632,0.037264913073927874,119.10940544845444,0.0
"[16, 1024, 97, 97]","[3, 3]",0.0054781760031942,0.0,0.0,0.0,88539136.0,0.0,654966784.0,0.0,0.0,0.0,0.0,94.34,94.34,27.77,2531321088.0,5071385280.0,20547873376.0,45.72,720896.0,0.11,86.47,0.0,32.0,16777216.0,832045056.0,0.0,832045056.0,0.3286999266684891,0.16406662283801085,0.04049300094343739,141.45261913786123,0.0
"[16, 1024, 97, 97]","[4, 4]",0.0034701760000042,0.0,0.0,0.0,130285568.0,0.0,673972224.0,0.0,0.0,0.0,0.0,45.37,45.37,42.39,2562268544.0,5130104608.0,20900457344.0,61.34,786432.0,0.18,90.78,0.0,32.0,16777216.0,934543360.0,0.0,934543360.0,0.364732792036337,0.18216848025723534,0.04471401484754036,250.81186894380764,0.0
"[16, 1024, 97, 97]","[5, 5]",0.0043492480009554,0.0,0.0,0.0,175702016.0,0.0,693633024.0,0.0,0.0,0.0,0.0,41.68,41.68,33.74,2593111040.0,5203737568.0,21332948512.0,45.87,851968.0,0.16,89.37,0.0,32.0,16777216.0,1045037056.0,0.0,1045037056.0,0.40300513162752954,0.20082431950957294,0.048986995651921064,223.77813390928787,0.0
"[16, 1024, 97, 97]","[6, 6]",0.0031720639983874,0.0,0.0,0.0,224788480.0,0.0,713949184.0,0.0,0.0,0.0,0.0,90.82,90.82,44.48,2617542528.0,5259868736.0,21799895072.0,55.24,917504.0,0.23,91.2,0.0,32.0,16777216.0,1163526144.0,0.0,1163526144.0,0.4445108843710065,0.2212082092536843,0.053373015794669784,341.61295756119205,0.0
"[16, 1024, 97, 97]","[7, 7]",0.003343327996775,0.0,0.0,0.0,277544960.0,0.0,734920704.0,0.0,0.0,0.0,0.0,39.33,39.33,42.44,2622060032.0,5308745984.0,22181703872.0,54.64,983040.0,0.24,94.21,0.0,32.0,16777216.0,1290010624.0,0.0,1290010624.0,0.49198363433961223,0.2429972403818069,0.0581565163543808,359.3473379769784,0.0
"[16, 1024, 97, 97]","[8, 8]",0.0025437759961371,0.0,0.0,0.0,333971456.0,0.0,756547584.0,0.0,0.0,0.0,0.0,49.93,38.58,54.0,2587356544.0,5300686496.0,22617103104.0,65.65,1048576.0,0.33,96.82,0.0,32.0,16777216.0,1424490496.0,0.0,1424490496.0,0.5505582519360733,0.2687369828558901,0.06298288907512954,521.53183230938,0.0
"[16, 1024, 97, 97]","[16, 16]",0.0021325120006466,0.0,0.0,0.0,917504000.0,0.0,953155584.0,0.0,0.0,0.0,0.0,58.31,28.18,61.19,2534327680.0,5133888416.0,20177182592.0,80.04,1048576.0,0.39,91.05,0.0,32.0,16777216.0,2788163584.0,0.0,2788163584.0,1.10015907019569,0.5430900241833382,0.13818398932988157,1217.6624031717802,0.0
"[16, 1024, 97, 97]","[32, 32]",0.0022043199990355,0.0,0.0,0.0,2789212160.0,0.0,1472200704.0,0.0,0.0,0.0,0.0,60.87,20.39,63.11,2733974016.0,5478923392.0,13785215232.0,89.02,1048576.0,0.38,91.14,0.0,32.0,16777216.0,7050625024.0,0.0,7050625024.0,2.5788924776672055,1.2868632246793057,0.5114628176158752,2978.880676522978,0.0
"[16, 2048, 64, 64]","[1, 1]",0.0011989760009648,0.0,0.0,0.0,0.0,131072.0,570425344.0,16777216.0,0.0,0.0,524288.0,88.3,22.56,83.71,2147989888.0,4293779936.0,2151676896.0,10.71,1071273.0,0.72,99.33,0.0,32.0,4194304.0,604110848.0,268435456.0,872546304.0,0.40621527544174363,0.20321169622233756,0.40551920486857335,677.7634161639547,208.51126277659296
"[16, 2048, 64, 64]","[2, 2]",0.0051550720035345,0.0,0.0,0.0,100925440.0,0.0,551288832.0,0.0,0.0,0.0,0.0,84.08,84.08,25.15,2149525504.0,4309836672.0,17188254368.0,60.47,1310720.0,0.2,87.41,0.0,32.0,33554432.0,753139712.0,0.0,753139712.0,0.35037486673151846,0.1747490147116183,0.043817114633941404,136.06328197629136,0.0
"[16, 2048, 64, 64]","[3, 3]",0.0055743999987281,0.0,0.0,0.0,177078272.0,0.0,596246528.0,0.0,0.0,0.0,0.0,41.37,41.37,22.39,2195922432.0,4437846048.0,18286129120.0,50.94,10092544.0,1.45,86.93,0.0,32.0,33554432.0,950403072.0,0.0,950403072.0,0.4328035718157826,0.21415863951123706,0.0519739889050942,158.78513133959868,0.0
"[16, 2048, 64, 64]","[4, 4]",0.0027700160035472,0.0,0.0,0.0,260571136.0,0.0,574095360.0,0.0,0.0,0.0,0.0,78.86,78.86,40.02,2155746688.0,4322125312.0,17196646688.0,75.38,1572864.0,0.46,90.95,0.0,32.0,33554432.0,1095237632.0,0.0,1095237632.0,0.5080548833017621,0.2534025630768199,0.06368902332361508,368.2359704578578,0.0
"[16, 2048, 64, 64]","[5, 5]",0.003451456002258,0.0,0.0,0.0,351404032.0,0.0,656277504.0,0.0,0.0,0.0,0.0,38.17,38.17,32.7,2160583808.0,4432552032.0,19425917696.0,71.32,10616832.0,2.47,89.1,0.0,32.0,33554432.0,1359085568.0,0.0,1359085568.0,0.6290362646279722,0.30661469018035886,0.06996248976591979,366.7284385153475,0.0
"[16, 2048, 64, 64]","[6, 6]",0.0031940159993497,0.0,0.0,0.0,449576960.0,0.0,670302208.0,0.0,0.0,0.0,0.0,68.24,68.24,35.31,2166111488.0,4392519360.0,19432221472.0,80.22,1835008.0,0.46,87.98,0.0,32.0,33554432.0,1569456128.0,0.0,1569456128.0,0.7245500227918094,0.3573020399846342,0.08076565668322783,457.62761431771014,0.0
"[16, 2048, 64, 64]","[7, 7]",0.0028186239964659,0.0,0.0,0.0,555089920.0,0.0,721551360.0,0.0,0.0,0.0,0.0,37.8,34.59,40.05,2172782720.0,4407504128.0,20603728448.0,79.76,11141120.0,3.17,93.04,0.0,32.0,33554432.0,1831731200.0,0.0,1831731200.0,0.8430346868737985,0.41559375710243235,0.08890289952243113,605.2359659629892,0.0
"[16, 2048, 64, 64]","[8, 8]",0.0019926399996723,0.0,0.0,0.0,667942912.0,0.0,632291328.0,0.0,0.0,0.0,0.0,56.02,56.02,54.99,2180584704.0,4362956448.0,17213423936.0,89.2,2097152.0,0.84,95.12,0.0,32.0,33554432.0,1968177152.0,0.0,1968177152.0,0.9025914693383082,0.4511108867250375,0.1143396664903937,919.8890982824031,0.0
"[16, 2048, 64, 64]","[16, 16]",0.0022230079987134,0.0,0.0,0.0,1835008000.0,0.0,799014912.0,0.0,0.0,0.0,0.0,50.32,26.31,51.89,2279844096.0,4564683136.0,8724152448.0,90.16,2097152.0,0.76,95.69,0.0,32.0,33554432.0,4469030912.0,0.0,4469030912.0,1.9602353160204864,0.9790451557862526,0.5122596078687872,1872.2871790874726,0.0
"[16, 2048, 64, 64]","[32, 32]",0.0031090239958186,0.0,0.0,0.0,5578424320.0,0.0,1333788672.0,0.0,0.0,0.0,0.0,42.26,12.97,43.72,2678455040.0,5370179520.0,4831833984.0,85.01,10485760.0,2.71,96.24,0.0,32.0,33554432.0,12490637312.0,0.0,12490637312.0,4.663373894825578,2.3259254677579198,2.585071704317894,3741.628406742838,0.0
"[16, 2048, 97, 97]","[1, 1]",0.0030331839983764,0.0,0.0,0.0,0.0,131072.0,1833041920.0,205717504.0,0.0,0.0,6520832.0,319.36,95.8,313.05,4933607040.0,9883159904.0,5030664896.0,146.97,37147392.0,39.35,387.68,402348.0,128.0,67108864.0,2244608000.0,3338665984.0,5583273984.0,1.1316819395490403,0.5649280228421972,1.1098481213565612,1714.3137720447755,1025.119149271651
"[16, 2048, 97, 97]","[2, 2]",0.0112660480003313,0.0,0.0,0.0,100925440.0,0.0,1273233408.0,0.0,0.0,0.0,0.0,48.96,48.96,26.74,5001619968.0,10010613248.0,39583732352.0,59.23,1310720.0,0.09,87.99,0.0,32.0,33554432.0,1475084288.0,0.0,1475084288.0,0.29492130498468133,0.14735204042516617,0.03726491162790692,121.93976954781316,0.0
"[16, 2048, 97, 97]","[3, 3]",0.0108494720002926,0.0,0.0,0.0,177078272.0,0.0,1309933568.0,0.0,0.0,0.0,0.0,95.26,95.26,28.05,5062848512.0,10144359264.0,41095721280.0,46.17,1441792.0,0.11,87.52,0.0,32.0,33554432.0,1664090112.0,0.0,1664090112.0,0.3286865305283699,0.16404092843058835,0.04049302604185854,142.8460931055634,0.0
"[16, 2048, 97, 97]","[4, 4]",0.0068697600003507,0.0,0.0,0.0,260571136.0,0.0,1347944448.0,0.0,0.0,0.0,0.0,45.81,45.81,42.75,5125020928.0,10263801984.0,41800964608.0,61.94,1572864.0,0.18,91.73,0.0,32.0,33554432.0,1869086720.0,0.0,1869086720.0,0.36469835855468336,0.1821047135275676,0.044713961448686,253.3891513184065,0.0
"[16, 2048, 97, 97]","[5, 5]",0.008642496002256,0.0,0.0,0.0,351404032.0,0.0,1387266048.0,0.0,0.0,0.0,0.0,41.94,41.94,33.96,5187202560.0,10401821120.0,42665683488.0,46.16,1703936.0,0.16,89.82,0.0,32.0,33554432.0,2090074112.0,0.0,2090074112.0,0.4029289559881772,0.20093347961746144,0.048987240825237144,225.22812884343656,0.0
"[16, 2048, 97, 97]","[6, 6]",0.0063145279980513,0.0,0.0,0.0,449576960.0,0.0,1427898368.0,0.0,0.0,0.0,0.0,91.17,91.17,44.65,5235649024.0,10517948032.0,43599794496.0,55.46,1835008.0,0.23,91.57,0.0,32.0,33554432.0,2327052288.0,0.0,2327052288.0,0.44446300302653746,0.22124584385852952,0.05337301046713631,343.2143033958867,0.0
"[16, 2048, 97, 97]","[7, 7]",0.006658463997459,0.0,0.0,0.0,555089920.0,0.0,1469841408.0,0.0,0.0,0.0,0.0,39.49,39.49,42.58,5244552192.0,10617781472.0,44363354432.0,54.85,1966080.0,0.24,94.5,0.0,32.0,33554432.0,2580021248.0,0.0,2580021248.0,0.4919430970551775,0.2429906148288828,0.058156586241796655,360.86881781848905,0.0
"[16, 2048, 97, 97]","[8, 8]",0.0050691840022351,0.0,0.0,0.0,667942912.0,0.0,1513095168.0,0.0,0.0,0.0,0.0,50.1,38.71,54.22,5174440576.0,10606046656.0,45234135008.0,65.86,2097152.0,0.33,97.03,0.0,32.0,33554432.0,2848980992.0,0.0,2848980992.0,0.5505872470956752,0.26861856112883387,0.06298298821224582,523.4215825131027,0.0
"[16, 2048, 97, 97]","[16, 16]",0.0042521920035274,0.0,0.0,0.0,1835008000.0,0.0,1906311168.0,0.0,0.0,0.0,0.0,58.51,28.27,61.4,5069533568.0,10265346720.0,40354695456.0,80.29,2097152.0,0.4,91.22,0.0,32.0,33554432.0,5576327168.0,0.0,5576327168.0,1.0999684868838806,0.5432185896980594,0.13818285840070446,1221.336988238503,0.0
"[16, 2048, 97, 97]","[32, 32]",0.0043954880006322,0.0,0.0,0.0,5578424320.0,0.0,2944401408.0,0.0,0.0,0.0,0.0,61.06,20.44,63.17,5471001856.0,10955226592.0,27570291232.0,89.24,2097152.0,0.38,91.33,0.0,32.0,33554432.0,14101250048.0,0.0,14101250048.0,2.5774529819497833,1.2871710073342864,0.5114654005407497,2987.793960104342,0.0
