Time,sm__sass_thread_inst_executed_op_dfma_pred_on.sum,sm__sass_thread_inst_executed_op_dmul_pred_on.sum,sm__sass_thread_inst_executed_op_dadd_pred_on.sum,sm__sass_thread_inst_executed_op_ffma_pred_on.sum,sm__sass_thread_inst_executed_op_fmul_pred_on.sum,sm__sass_thread_inst_executed_op_fadd_pred_on.sum,sm__sass_thread_inst_executed_op_hfma_pred_on.sum,sm__sass_thread_inst_executed_op_hmul_pred_on.sum,sm__sass_thread_inst_executed_op_hadd_pred_on.sum,sm__inst_executed_pipe_tensor.sum,gpu__compute_memory_throughput.avg.pct_of_peak_sustained_elapsed,l1tex__throughput.avg.pct_of_peak_sustained_elapsed,lts__throughput.avg.pct_of_peak_sustained_elapsed,dram__bytes.sum,lts__t_bytes.sum,l1tex__t_bytes.sum,sm__throughput.avg.pct_of_peak_sustained_elapsed,l1tex__data_pipe_lsu_wavefronts_mem_shared.sum,l1tex__data_pipe_lsu_wavefronts_mem_shared.sum.pct_of_peak_sustained_elapsed,Achieved Occupancy,l1tex__data_bank_conflicts_pipe_lsu_mem_shared.sum,Registers Per Thread,Threads,CC FLOPs,TC FLOPs,all FLOPs,AI HBM,AI L2,AI L1,GFLOP/s,TC GFLOP/s
3.6159949007746166e-06,0.0,0.0,0.0,0.0,64.0,0.0,32.0,0.0,0.0,1.0,0.74,0.12,0.74,128.0,122976.0,160.0,0.01,3.0,0.0,1.56,0.0,24.0,32.0,128.0,512.0,640.0,5.0,0.0052042674993494666,4.0,0.1648360863634574,0.13186886909076592
3.423998508507224e-06,0.0,0.0,0.0,0.0,256.0,0.0,128.0,0.0,0.0,4.0,0.75,0.12,0.75,256.0,123776.0,640.0,0.03,12.0,0.0,6.23,0.0,24.0,128.0,512.0,2048.0,2560.0,10.0,0.020682523267838676,4.0,0.6963162469527678,0.5570529975622143
3.6800037899125272e-06,0.0,0.0,0.0,0.0,1024.0,0.0,512.0,0.0,0.0,16.0,0.73,0.13,0.73,640.0,127328.0,2560.0,0.11,48.0,0.01,24.32,0.0,24.0,512.0,2048.0,8192.0,10240.0,16.0,0.08042221663734607,4.0,2.591503625676751,2.073202900541401
4.767999633225624e-06,0.0,0.0,0.0,0.0,2048.0,0.0,1024.0,0.0,0.0,32.0,0.63,0.14,0.63,2176.0,147520.0,12288.0,0.2,96.0,0.02,24.53,0.0,24.0,1024.0,4096.0,16384.0,20480.0,9.411764705882353,0.13882863340563992,1.6666666666666667,4.000312037612615,3.2002496300900924
4.83199512548284e-06,0.0,0.0,0.0,0.0,8192.0,0.0,4096.0,0.0,0.0,128.0,0.89,0.31,0.89,8192.0,207424.0,49152.0,0.83,384.0,0.07,24.52,0.0,24.0,4096.0,16384.0,65536.0,81920.0,10.0,0.3949398333847578,1.6666666666666667,15.789325802533025,12.63146064202642
3.5839972623443955e-06,0.0,0.0,0.0,0.0,128.0,0.0,64.0,0.0,0.0,2.0,0.75,0.12,0.75,0.0,122976.0,320.0,0.02,6.0,0.0,3.12,0.0,24.0,64.0,256.0,1024.0,1280.0,inf,0.010408534998698933,4.0,0.332615459289729,0.2660923674317832
3.4880014982175045e-06,0.0,0.0,0.0,0.0,512.0,0.0,256.0,0.0,0.0,8.0,0.75,0.15,0.75,384.0,124800.0,1280.0,0.06,24.0,0.01,12.41,0.0,24.0,256.0,1024.0,4096.0,5120.0,13.333333333333334,0.041025641025641026,4.0,1.3670784214020726,1.093662737121658
4.032001792209084e-06,0.0,0.0,0.0,0.0,1024.0,0.0,512.0,0.0,0.0,16.0,0.65,0.13,0.65,1152.0,130528.0,5120.0,0.12,48.0,0.01,24.48,0.0,24.0,512.0,2048.0,8192.0,10240.0,8.88888888888889,0.07845060063741113,2.0,2.365262630212631,1.8922101041701045
5.440004259509384e-06,0.0,0.0,0.0,0.0,2048.0,0.0,1024.0,0.0,0.0,32.0,0.57,0.15,0.57,4352.0,170464.0,24576.0,0.21,96.0,0.01,24.63,0.0,24.0,1024.0,4096.0,16384.0,20480.0,4.705882352941177,0.12014266941993618,0.8333333333333334,3.5061528297121543,2.8049222637697233
5.887997375596237e-06,0.0,0.0,0.0,0.0,8192.0,0.0,4096.0,0.0,0.0,128.0,1.04,0.41,1.04,16512.0,294432.0,98304.0,0.9,384.0,0.06,24.67,0.0,24.0,4096.0,16384.0,65536.0,81920.0,4.961240310077519,0.27823062710574936,0.8333333333333334,12.957537248354196,10.366029798683357
3.3920007471899524e-06,0.0,0.0,0.0,0.0,256.0,0.0,128.0,0.0,0.0,4.0,0.76,0.12,0.76,256.0,124896.0,640.0,0.03,12.0,0.0,6.24,0.0,24.0,128.0,512.0,2048.0,2560.0,10.0,0.020497053548552396,4.0,0.7028848071424408,0.5623078457139526
3.648003314549757e-06,0.0,0.0,0.0,0.0,1024.0,0.0,512.0,0.0,0.0,16.0,0.72,0.13,0.72,640.0,127968.0,2560.0,0.11,48.0,0.01,24.3,0.0,24.0,512.0,2048.0,8192.0,10240.0,16.0,0.08002000500125031,4.0,2.6142364306594774,2.091389144527582
5.34399580470953e-06,0.0,0.0,0.0,0.0,1024.0,0.0,512.0,0.0,0.0,16.0,0.58,0.13,0.58,2176.0,147392.0,10240.0,0.13,48.0,0.01,24.66,0.0,24.0,512.0,2048.0,8192.0,10240.0,4.705882352941177,0.0694745983499783,1.0,1.7845716038283574,1.427657283062686
5.856001457731105e-06,0.0,0.0,0.0,0.0,4096.0,0.0,2048.0,0.0,0.0,64.0,0.74,0.24,0.74,8192.0,214176.0,49152.0,0.44,192.0,0.03,24.27,0.0,24.0,2048.0,8192.0,32768.0,40960.0,5.0,0.1912445838936202,0.8333333333333334,6.514167206343211,5.211333765074569
5.888002919773362e-06,0.0,0.0,0.0,0.0,16384.0,0.0,8192.0,0.0,0.0,256.0,1.66,0.74,1.93,32896.0,481024.0,196608.0,1.76,768.0,0.12,24.55,0.0,24.0,8192.0,32768.0,131072.0,163840.0,4.980544747081712,0.34060670569451834,0.8333333333333334,25.91505009492647,20.73204007594118
3.424000371261833e-06,0.0,0.0,0.0,0.0,512.0,0.0,256.0,0.0,0.0,8.0,0.75,0.13,0.75,384.0,125088.0,1280.0,0.06,24.0,0.01,12.41,0.0,24.0,256.0,1024.0,4096.0,5120.0,13.333333333333334,0.04093118444614991,4.0,1.3926317362734342,1.1141053890187473
4.352002752330533e-06,0.0,0.0,0.0,0.0,1024.0,0.0,512.0,0.0,0.0,16.0,0.65,0.13,0.65,1280.0,129120.0,5120.0,0.12,48.0,0.01,24.54,0.0,24.0,512.0,2048.0,8192.0,10240.0,8.0,0.07930607187112763,2.0,2.1913458485189365,1.7530766788151493
5.631998972641931e-06,0.0,0.0,0.0,0.0,2048.0,0.0,1024.0,0.0,0.0,32.0,0.58,0.15,0.58,4224.0,171840.0,20480.0,0.22,96.0,0.01,24.61,0.0,24.0,1024.0,4096.0,16384.0,20480.0,4.848484848484849,0.1191806331471136,1.0,3.3866281618261307,2.7093025294609046
5.856000000013502e-06,0.0,0.0,0.0,0.0,8192.0,0.0,4096.0,0.0,0.0,128.0,1.05,0.41,1.05,16512.0,297632.0,98304.0,0.9,384.0,0.06,24.62,0.0,24.0,4096.0,16384.0,65536.0,81920.0,4.961240310077519,0.27523922158907643,0.8333333333333334,13.028337655793049,10.422670124634438
6.112003668729553e-06,0.0,0.0,0.0,0.0,32768.0,0.0,16384.0,0.0,0.0,512.0,2.83,1.36,3.76,65664.0,847392.0,393216.0,3.4,1536.0,0.23,24.49,0.0,24.0,16384.0,65536.0,262144.0,327680.0,4.990253411306043,0.38669234545523207,0.8333333333333334,49.93056251116978,39.944450008935824
3.647997753886013e-06,0.0,0.0,0.0,0.0,1024.0,0.0,512.0,0.0,0.0,16.0,0.72,0.13,0.72,512.0,126432.0,2560.0,0.11,48.0,0.01,24.32,0.0,24.0,512.0,2048.0,8192.0,10240.0,20.0,0.08099215388509239,4.0,2.6142404155549515,2.091392332443961
5.215997475935713e-06,0.0,0.0,0.0,0.0,1024.0,0.0,512.0,0.0,0.0,16.0,0.55,0.12,0.55,2048.0,144352.0,10240.0,0.12,48.0,0.01,24.66,0.0,24.0,512.0,2048.0,8192.0,10240.0,5.0,0.07093770782531589,1.0,1.8283642214285534,1.4626913771428427
5.952002603578472e-06,0.0,0.0,0.0,0.0,4096.0,0.0,2048.0,0.0,0.0,64.0,0.75,0.24,0.75,8320.0,214624.0,40960.0,0.44,192.0,0.03,24.6,0.0,24.0,2048.0,8192.0,32768.0,40960.0,4.923076923076923,0.19084538541821977,1.0,6.409098785224862,5.127279028179889
6.015997443330497e-06,0.0,0.0,0.0,0.0,16384.0,0.0,8192.0,0.0,0.0,256.0,1.62,0.72,1.9,32896.0,478400.0,196608.0,1.72,768.0,0.12,24.63,0.0,24.0,8192.0,32768.0,131072.0,163840.0,4.980544747081712,0.34247491638795985,0.8333333333333334,25.363689406843616,20.290951525474892
6.048004602388742e-06,0.0,0.0,0.0,0.0,65536.0,0.0,32768.0,0.0,0.0,1024.0,5.05,2.59,7.18,131200.0,1546784.0,786432.0,6.64,3072.0,0.45,24.52,0.0,24.0,32768.0,131072.0,524288.0,655360.0,4.995121951219512,0.4236919957796305,0.8333333333333334,100.91784028387367,80.73427222709894
3.615997629787202e-06,0.0,0.0,0.0,0.0,128.0,0.0,64.0,0.0,0.0,2.0,0.75,0.12,0.75,256.0,124160.0,320.0,0.02,6.0,0.0,3.12,0.0,24.0,64.0,256.0,1024.0,1280.0,5.0,0.010309278350515464,4.0,0.3296719239215779,0.26373753913726233
3.6799999999966186e-06,0.0,0.0,0.0,0.0,512.0,0.0,256.0,0.0,0.0,8.0,0.74,0.12,0.74,256.0,124576.0,1280.0,0.06,24.0,0.01,12.4,0.0,24.0,256.0,1024.0,4096.0,5120.0,20.0,0.04109940919599281,4.0,1.2957531472922912,1.036602517833833
4.224004221047429e-06,0.0,0.0,0.0,0.0,1024.0,0.0,512.0,0.0,0.0,16.0,0.66,0.13,0.66,1024.0,130368.0,5120.0,0.12,48.0,0.01,24.47,0.0,24.0,512.0,2048.0,8192.0,10240.0,10.0,0.07854688267059401,2.0,2.257749439866248,1.8061995518929983
5.664003369204851e-06,0.0,0.0,0.0,0.0,2048.0,0.0,1024.0,0.0,0.0,32.0,0.61,0.16,0.61,4224.0,166496.0,24576.0,0.23,96.0,0.02,24.63,0.0,24.0,1024.0,4096.0,16384.0,20480.0,4.848484848484849,0.12300595810109552,0.8333333333333334,3.367492051969358,2.6939936415754864
5.792001458304935e-06,0.0,0.0,0.0,0.0,8192.0,0.0,4096.0,0.0,0.0,128.0,1.07,0.41,1.07,16512.0,305408.0,98304.0,0.89,384.0,0.06,24.55,0.0,24.0,4096.0,16384.0,65536.0,81920.0,4.961240310077519,0.26823134953897737,0.8333333333333334,13.172293871422452,10.537835097137961
3.680000404495892e-06,0.0,0.0,0.0,0.0,256.0,0.0,128.0,0.0,0.0,4.0,0.76,0.12,0.76,256.0,124128.0,640.0,0.03,12.0,0.0,6.23,0.0,24.0,128.0,512.0,2048.0,2560.0,10.0,0.020623872131992783,4.0,0.6478765024326743,0.5183012019461394
3.648001121283905e-06,0.0,0.0,0.0,0.0,1024.0,0.0,512.0,0.0,0.0,16.0,0.72,0.13,0.72,640.0,126176.0,2560.0,0.11,48.0,0.01,24.42,0.0,24.0,512.0,2048.0,8192.0,10240.0,16.0,0.08115647983768703,4.0,2.61423800240118,2.0913904019209437
5.344000381702212e-06,0.0,0.0,0.0,0.0,1024.0,0.0,512.0,0.0,0.0,16.0,0.58,0.12,0.58,2176.0,146272.0,10240.0,0.13,48.0,0.01,24.5,0.0,24.0,512.0,2048.0,8192.0,10240.0,4.705882352941177,0.07000656311529206,1.0,1.7845700753907476,1.427656060312598
5.919995445121273e-06,0.0,0.0,0.0,0.0,4096.0,0.0,2048.0,0.0,0.0,64.0,0.72,0.22,0.72,8320.0,218784.0,49152.0,0.42,192.0,0.03,24.65,0.0,24.0,2048.0,8192.0,32768.0,40960.0,4.923076923076923,0.18721661547462337,0.8333333333333334,6.443750338978267,5.155000271182614
5.856002111060888e-06,0.0,0.0,0.0,0.0,16384.0,0.0,8192.0,0.0,0.0,256.0,1.61,0.71,1.88,32768.0,481408.0,196608.0,1.7,768.0,0.12,24.57,0.0,24.0,8192.0,32768.0,131072.0,163840.0,5.0,0.3403350172826376,0.8333333333333334,26.056665918338748,20.845332734670997
3.4559988796791822e-06,0.0,0.0,0.0,0.0,512.0,0.0,256.0,0.0,0.0,8.0,0.76,0.16,0.76,384.0,125856.0,1280.0,0.06,24.0,0.01,12.42,0.0,24.0,256.0,1024.0,4096.0,5120.0,13.333333333333334,0.04068141367912535,4.0,1.3797375948437502,1.103790075875
4.095997412208088e-06,0.0,0.0,0.0,0.0,1024.0,0.0,512.0,0.0,0.0,16.0,0.65,0.13,0.65,1152.0,128864.0,5120.0,0.12,48.0,0.01,24.43,0.0,24.0,512.0,2048.0,8192.0,10240.0,8.88888888888889,0.07946362056121183,2.0,2.3283079075290214,1.8626463260232173
5.535999634816147e-06,0.0,0.0,0.0,0.0,2048.0,0.0,1024.0,0.0,0.0,32.0,0.62,0.16,0.62,4224.0,169184.0,20480.0,0.23,96.0,0.02,24.61,0.0,24.0,1024.0,4096.0,16384.0,20480.0,4.848484848484849,0.12105163608851902,1.0,3.445355416602812,2.7562843332822493
5.759995474550858e-06,0.0,0.0,0.0,0.0,8192.0,0.0,4096.0,0.0,0.0,128.0,1.02,0.39,1.02,16512.0,303648.0,98304.0,0.86,384.0,0.06,24.64,0.0,24.0,4096.0,16384.0,65536.0,81920.0,4.961240310077519,0.2697860680788281,0.8333333333333334,13.245487023312133,10.596389618649706
6.016004096744375e-06,0.0,0.0,0.0,0.0,32768.0,0.0,16384.0,0.0,0.0,512.0,2.67,1.29,3.57,65664.0,843936.0,393216.0,3.22,1536.0,0.22,24.47,0.0,24.0,16384.0,65536.0,262144.0,327680.0,4.990253411306043,0.3882758882190119,0.8333333333333334,50.72732271162334,40.58185816929867
3.6479981223470927e-06,0.0,0.0,0.0,0.0,1024.0,0.0,512.0,0.0,0.0,16.0,0.72,0.13,0.72,640.0,126432.0,2560.0,0.11,48.0,0.01,24.31,0.0,24.0,512.0,2048.0,8192.0,10240.0,16.0,0.08099215388509239,4.0,2.6142401515071603,2.091392121205728
5.024003410562626e-06,0.0,0.0,0.0,0.0,1024.0,0.0,512.0,0.0,0.0,16.0,0.53,0.12,0.53,2048.0,142016.0,10240.0,0.12,48.0,0.01,24.55,0.0,24.0,512.0,2048.0,8192.0,10240.0,5.0,0.07210455159981974,1.0,1.898235806132644,1.5185886449061152
5.887998166152652e-06,0.0,0.0,0.0,0.0,4096.0,0.0,2048.0,0.0,0.0,64.0,0.75,0.23,0.75,8320.0,216640.0,40960.0,0.44,192.0,0.03,24.68,0.0,24.0,2048.0,8192.0,32768.0,40960.0,4.923076923076923,0.18906942392909898,1.0,6.478767754300453,5.183014203440362
5.952002899612918e-06,0.0,0.0,0.0,0.0,16384.0,0.0,8192.0,0.0,0.0,256.0,1.64,0.73,1.88,32896.0,483872.0,196608.0,1.73,768.0,0.12,24.52,0.0,24.0,8192.0,32768.0,131072.0,163840.0,4.980544747081712,0.3386019443158521,0.8333333333333334,25.63639386582345,20.50911509265876
6.175997492684803e-06,0.0,0.0,0.0,0.0,65536.0,0.0,32768.0,0.0,0.0,1024.0,4.99,2.59,7.05,131200.0,1547008.0,786432.0,6.58,3072.0,0.45,24.55,0.0,24.0,32768.0,131072.0,524288.0,655360.0,4.995121951219512,0.42363064702962105,0.8333333333333334,98.82639415299869,79.06111532239896
4.064002447776864e-06,0.0,0.0,0.0,0.0,1024.0,0.0,512.0,0.0,0.0,16.0,0.63,0.12,0.63,1152.0,131424.0,5120.0,0.11,48.0,0.01,24.42,0.0,24.0,512.0,2048.0,8192.0,10240.0,8.88888888888889,0.07791575359142927,2.0,2.3466381446889617,1.8773105157511694
5.727996424406145e-06,0.0,0.0,0.0,0.0,2048.0,0.0,1024.0,0.0,0.0,32.0,0.57,0.15,0.57,4224.0,164928.0,20480.0,0.22,96.0,0.01,24.32,0.0,24.0,1024.0,4096.0,16384.0,20480.0,4.848484848484849,0.12417539774932092,1.0,3.3298705018138097,2.663896401451048
5.855999249393198e-06,0.0,0.0,0.0,0.0,8192.0,0.0,4096.0,0.0,0.0,128.0,1.04,0.41,1.04,16512.0,292608.0,81920.0,0.91,384.0,0.06,24.65,0.0,24.0,4096.0,16384.0,65536.0,81920.0,4.961240310077519,0.2799650043744532,1.0,13.028339325761632,10.422671460609305
6.079996319101435e-06,0.0,0.0,0.0,0.0,32768.0,0.0,16384.0,0.0,0.0,512.0,2.8,1.38,3.63,65664.0,832928.0,393216.0,3.43,1536.0,0.23,24.59,0.0,24.0,16384.0,65536.0,262144.0,327680.0,4.990253411306043,0.39340735333666293,0.8333333333333334,50.19341546165641,40.154732369325124
7.040001507580927e-06,0.0,0.0,0.0,0.0,131072.0,0.0,65536.0,0.0,0.0,2048.0,8.7,4.74,12.6,262272.0,2920672.0,1572864.0,12.1,6144.0,0.82,28.91,0.0,24.0,65536.0,262144.0,1048576.0,1310720.0,4.997559785261103,0.4487734329633728,0.8333333333333334,173.39529312394365,138.71623449915492
3.776001847853836e-06,0.0,0.0,0.0,0.0,256.0,0.0,128.0,0.0,0.0,4.0,0.68,0.11,0.68,256.0,124640.0,640.0,0.03,12.0,0.0,6.24,0.0,24.0,128.0,512.0,2048.0,2560.0,10.0,0.02053915275994865,4.0,0.631404826343166,0.5051238610745328
3.936000373744852e-06,0.0,0.0,0.0,0.0,1024.0,0.0,512.0,0.0,0.0,16.0,0.68,0.12,0.68,640.0,129248.0,2560.0,0.11,48.0,0.01,24.26,0.0,24.0,512.0,2048.0,8192.0,10240.0,16.0,0.07922753156721961,4.0,2.422952809577328,1.938362247661862
5.952001052071922e-06,0.0,0.0,0.0,0.0,1024.0,0.0,512.0,0.0,0.0,16.0,0.47,0.1,0.47,2176.0,144384.0,10240.0,0.1,48.0,0.01,24.72,0.0,24.0,512.0,2048.0,8192.0,10240.0,4.705882352941177,0.07092198581560284,1.0,1.6022751139707394,1.2818200911765916
5.631998913437041e-06,0.0,0.0,0.0,0.0,4096.0,0.0,2048.0,0.0,0.0,64.0,0.74,0.24,0.74,8320.0,208000.0,49152.0,0.46,192.0,0.03,24.62,0.0,24.0,2048.0,8192.0,32768.0,40960.0,4.923076923076923,0.19692307692307692,0.8333333333333334,6.773256394854316,5.4186051158834525
5.952003575859322e-06,0.0,0.0,0.0,0.0,16384.0,0.0,8192.0,0.0,0.0,256.0,1.53,0.71,1.66,32896.0,457184.0,196608.0,1.7,768.0,0.12,24.52,0.0,24.0,8192.0,32768.0,131072.0,163840.0,4.980544747081712,0.3583677469027787,0.8333333333333334,25.636390953103568,20.509112762482854
3.5199965959147352e-06,0.0,0.0,0.0,0.0,512.0,0.0,256.0,0.0,0.0,8.0,0.74,0.13,0.74,384.0,123904.0,1280.0,0.06,24.0,0.01,12.37,0.0,24.0,256.0,1024.0,4096.0,5120.0,13.333333333333334,0.04132231404958678,4.0,1.3546523276657039,1.083721862132563
4.127998881872103e-06,0.0,0.0,0.0,0.0,1024.0,0.0,512.0,0.0,0.0,16.0,0.65,0.13,0.65,1024.0,129184.0,5120.0,0.12,48.0,0.01,24.54,0.0,24.0,512.0,2048.0,8192.0,10240.0,10.0,0.07926678226405746,2.0,2.3102581752002456,1.8482065401601966
5.664003543644024e-06,0.0,0.0,0.0,0.0,2048.0,0.0,1024.0,0.0,0.0,32.0,0.58,0.15,0.58,4224.0,166496.0,20480.0,0.22,96.0,0.02,23.9,0.0,24.0,1024.0,4096.0,16384.0,20480.0,4.848484848484849,0.12300595810109552,1.0,3.3674919482578183,2.6939935586062544
5.728001774093629e-06,0.0,0.0,0.0,0.0,8192.0,0.0,4096.0,0.0,0.0,128.0,0.98,0.4,0.98,16512.0,284256.0,98304.0,0.88,384.0,0.06,24.33,0.0,24.0,4096.0,16384.0,65536.0,81920.0,4.961240310077519,0.28819092648879885,0.8333333333333334,13.319469567477984,10.655575653982387
6.176001402363552e-06,0.0,0.0,0.0,0.0,32768.0,0.0,16384.0,0.0,0.0,512.0,2.58,1.29,3.33,65536.0,817696.0,393216.0,3.22,1536.0,0.22,24.57,0.0,24.0,16384.0,65536.0,262144.0,327680.0,5.0,0.4007357257464877,0.8333333333333334,49.413165795786476,39.53053263662918
3.7120025473585865e-06,0.0,0.0,0.0,0.0,1024.0,0.0,512.0,0.0,0.0,16.0,0.69,0.12,0.69,640.0,126816.0,2560.0,0.11,48.0,0.01,24.24,0.0,24.0,512.0,2048.0,8192.0,10240.0,16.0,0.08074690890739339,4.0,2.569163959989393,2.0553311679915143
5.023996418005044e-06,0.0,0.0,0.0,0.0,1024.0,0.0,512.0,0.0,0.0,16.0,0.57,0.12,0.57,2176.0,143840.0,10240.0,0.13,48.0,0.01,24.45,0.0,24.0,512.0,2048.0,8192.0,10240.0,4.705882352941177,0.07119021134593993,1.0,1.8982384481574535,1.5185907585259628
5.72800073054721e-06,0.0,0.0,0.0,0.0,4096.0,0.0,2048.0,0.0,0.0,64.0,0.75,0.24,0.75,9216.0,210848.0,40960.0,0.45,192.0,0.03,24.25,0.0,24.0,2048.0,8192.0,32768.0,40960.0,4.444444444444445,0.19426316588253148,1.0,6.659735997031851,5.327788797625481
5.792001707661087e-06,0.0,0.0,0.0,0.0,16384.0,0.0,8192.0,0.0,0.0,256.0,1.53,0.7,1.74,33024.0,467328.0,196608.0,1.67,768.0,0.11,24.55,0.0,24.0,8192.0,32768.0,131072.0,163840.0,4.961240310077519,0.35058887975897013,0.8333333333333334,26.34458660866274,21.075669286930193
6.047999299178705e-06,0.0,0.0,0.0,0.0,65536.0,0.0,32768.0,0.0,0.0,1024.0,4.98,2.58,6.8,131200.0,1542880.0,786432.0,6.57,3072.0,0.44,24.58,0.0,24.0,32768.0,131072.0,524288.0,655360.0,4.995121951219512,0.4247640775692212,0.8333333333333334,100.91792877404654,80.73434301923724
4.223998159406934e-06,0.0,0.0,0.0,0.0,1024.0,0.0,512.0,0.0,0.0,16.0,0.63,0.12,0.63,1152.0,130272.0,5120.0,0.12,48.0,0.01,24.44,0.0,24.0,512.0,2048.0,8192.0,10240.0,8.88888888888889,0.07860476541390322,2.0,2.2577526798452716,1.8062021438762175
5.951997508509809e-06,0.0,0.0,0.0,0.0,2048.0,0.0,1024.0,0.0,0.0,32.0,0.56,0.15,0.56,4224.0,168096.0,20480.0,0.21,96.0,0.01,24.69,0.0,24.0,1024.0,4096.0,16384.0,20480.0,4.848484848484849,0.12183514182371978,1.0,3.204552135792207,2.5636417086337655
5.696004373570393e-06,0.0,0.0,0.0,0.0,8192.0,0.0,4096.0,0.0,0.0,128.0,0.96,0.38,0.96,16512.0,290752.0,81920.0,0.84,384.0,0.06,24.6,0.0,24.0,4096.0,16384.0,65536.0,81920.0,4.961240310077519,0.2817521461589258,1.0,13.394291912152644,10.715433529722116
5.983995261820039e-06,0.0,0.0,0.0,0.0,32768.0,0.0,16384.0,0.0,0.0,512.0,2.85,1.39,3.71,65664.0,838944.0,393216.0,3.45,1536.0,0.23,24.4,0.0,24.0,16384.0,65536.0,262144.0,327680.0,4.990253411306043,0.39058626082313,0.8333333333333334,50.99866692694881,40.798933541559045
6.496000349718484e-06,0.0,0.0,0.0,0.0,131072.0,0.0,65536.0,0.0,0.0,2048.0,8.81,4.77,12.54,262272.0,2940352.0,1572864.0,12.17,6144.0,0.83,28.88,0.0,24.0,65536.0,262144.0,1048576.0,1310720.0,4.997559785261103,0.44576975817861264,0.8333333333333334,187.9161113427128,150.33288907417025
5.568000702735297e-06,0.0,0.0,0.0,0.0,1024.0,0.0,512.0,0.0,0.0,16.0,0.52,0.11,0.52,2176.0,148640.0,10240.0,0.11,48.0,0.01,24.7,0.0,24.0,512.0,2048.0,8192.0,10240.0,4.705882352941177,0.0688912809472551,1.0,1.7127769325491549,1.370221546039324
5.951999637525692e-06,0.0,0.0,0.0,0.0,4096.0,0.0,2048.0,0.0,0.0,64.0,0.69,0.23,0.69,8320.0,204832.0,40960.0,0.43,192.0,0.03,24.57,0.0,24.0,2048.0,8192.0,32768.0,40960.0,4.923076923076923,0.19996875488204968,1.0,6.4091019790633075,5.127281583250646
5.888004027251421e-06,0.0,0.0,0.0,0.0,16384.0,0.0,8192.0,0.0,0.0,256.0,1.69,0.74,2.17,32896.0,486752.0,163840.0,1.76,768.0,0.12,24.67,0.0,24.0,8192.0,32768.0,131072.0,163840.0,4.980544747081712,0.33659851423312076,1.0,25.915045220549814,20.732036176439852
6.3359957717270296e-06,0.0,0.0,0.0,0.0,65536.0,0.0,32768.0,0.0,0.0,1024.0,4.72,2.51,6.79,131200.0,1525728.0,786432.0,6.31,3072.0,0.43,24.4,0.0,24.0,32768.0,131072.0,524288.0,655360.0,4.995121951219512,0.42953921013444074,0.8333333333333334,96.33080331643495,77.06464265314797
7.392000699491048e-06,0.0,0.0,0.0,0.0,262144.0,0.0,131072.0,0.0,0.0,4096.0,14.85,8.39,21.03,524288.0,5653600.0,3145728.0,21.03,12288.0,1.45,52.83,0.0,24.0,131072.0,524288.0,2097152.0,2621440.0,5.0,0.4636762416867129,0.8333333333333334,330.27678828116115,264.2214306249289
3.4239962626693707e-06,0.0,0.0,0.0,0.0,512.0,0.0,256.0,0.0,0.0,8.0,0.76,0.13,0.76,384.0,124704.0,1280.0,0.06,24.0,0.01,12.37,0.0,24.0,256.0,1024.0,4096.0,5120.0,13.333333333333334,0.041057223505260455,4.0,1.3926334073489306,1.1141067258791446
4.0960020932947125e-06,0.0,0.0,0.0,0.0,1024.0,0.0,512.0,0.0,0.0,16.0,0.61,0.12,0.61,1152.0,129632.0,5120.0,0.11,48.0,0.01,24.52,0.0,24.0,512.0,2048.0,8192.0,10240.0,8.88888888888889,0.07899284127375956,2.0,2.328305246639023,1.8626441973112184
5.503998939695358e-06,0.0,0.0,0.0,0.0,2048.0,0.0,1024.0,0.0,0.0,32.0,0.61,0.16,0.61,4224.0,170336.0,20480.0,0.23,96.0,0.02,23.95,0.0,24.0,1024.0,4096.0,16384.0,20480.0,4.848484848484849,0.1202329513432275,1.0,3.4653869917316342,2.772309593385307
5.85599927377468e-06,0.0,0.0,0.0,0.0,8192.0,0.0,4096.0,0.0,0.0,128.0,1.02,0.4,1.02,16512.0,296192.0,98304.0,0.88,384.0,0.06,24.66,0.0,24.0,4096.0,16384.0,65536.0,81920.0,4.961240310077519,0.27657735522904064,0.8333333333333334,13.028339271518076,10.422671417214461
5.984000000021421e-06,0.0,0.0,0.0,0.0,32768.0,0.0,16384.0,0.0,0.0,512.0,2.79,1.34,3.69,65664.0,846624.0,393216.0,3.36,1536.0,0.23,24.57,0.0,24.0,16384.0,65536.0,262144.0,327680.0,4.990253411306043,0.3870431265827569,0.8333333333333334,50.99862654560621,40.798901236484966
3.872001589888612e-06,0.0,0.0,0.0,0.0,1024.0,0.0,512.0,0.0,0.0,16.0,0.73,0.13,0.73,640.0,128064.0,2560.0,0.11,48.0,0.01,24.32,0.0,24.0,512.0,2048.0,8192.0,10240.0,16.0,0.079960019990005,4.0,2.463000838885722,1.9704006711085773
5.183998532809017e-06,0.0,0.0,0.0,0.0,1024.0,0.0,512.0,0.0,0.0,16.0,0.56,0.12,0.56,2304.0,142816.0,10240.0,0.13,48.0,0.01,24.55,0.0,24.0,512.0,2048.0,8192.0,10240.0,4.444444444444445,0.07170064978713869,1.0,1.8396500507678368,1.4717200406142694
5.951996167434761e-06,0.0,0.0,0.0,0.0,4096.0,0.0,2048.0,0.0,0.0,64.0,0.69,0.22,0.69,8320.0,213216.0,40960.0,0.42,192.0,0.03,24.68,0.0,24.0,2048.0,8192.0,32768.0,40960.0,4.923076923076923,0.1921056581119616,1.0,6.409105715652853,5.127284572522282
5.7920017743075175e-06,0.0,0.0,0.0,0.0,16384.0,0.0,8192.0,0.0,0.0,256.0,1.64,0.73,1.92,32896.0,481056.0,196608.0,1.74,768.0,0.12,24.56,0.0,24.0,8192.0,32768.0,131072.0,163840.0,4.980544747081712,0.3405840484267944,0.8333333333333334,26.34458630552529,21.07566904442023
5.951998626727165e-06,0.0,0.0,0.0,0.0,65536.0,0.0,32768.0,0.0,0.0,1024.0,4.97,2.56,7.06,131200.0,1547392.0,786432.0,6.54,3072.0,0.44,24.51,0.0,24.0,32768.0,131072.0,524288.0,655360.0,4.995121951219512,0.4235255190669203,0.8333333333333334,102.54564907983102,82.03651926386482
4.159995089368948e-06,0.0,0.0,0.0,0.0,1024.0,0.0,512.0,0.0,0.0,16.0,0.66,0.13,0.66,1152.0,130144.0,5120.0,0.12,48.0,0.01,24.55,0.0,24.0,512.0,2048.0,8192.0,10240.0,8.88888888888889,0.07868207523973444,2.0,2.29248904366115,1.8339912349289198
5.919998893861824e-06,0.0,0.0,0.0,0.0,2048.0,0.0,1024.0,0.0,0.0,32.0,0.59,0.15,0.59,4224.0,170208.0,20480.0,0.22,96.0,0.01,24.63,0.0,24.0,1024.0,4096.0,16384.0,20480.0,4.848484848484849,0.12032336905433352,1.0,3.2218732925611566,2.577498634048925
5.887999250534889e-06,0.0,0.0,0.0,0.0,8192.0,0.0,4096.0,0.0,0.0,128.0,1.01,0.41,1.01,16512.0,286432.0,81920.0,0.9,384.0,0.06,24.33,0.0,24.0,4096.0,16384.0,65536.0,81920.0,4.961240310077519,0.28600156407105354,1.0,12.957533122234883,10.366026497787907
6.016002521808622e-06,0.0,0.0,0.0,0.0,32768.0,0.0,16384.0,0.0,0.0,512.0,2.79,1.37,3.61,65536.0,837792.0,393216.0,3.4,1536.0,0.23,24.45,0.0,24.0,16384.0,65536.0,262144.0,327680.0,5.0,0.39112333371528973,0.8333333333333334,50.72733599158356,40.58186879326685
6.816004841656137e-06,0.0,0.0,0.0,0.0,131072.0,0.0,65536.0,0.0,0.0,2048.0,8.97,4.83,12.78,262144.0,2945248.0,1572864.0,12.35,6144.0,0.84,28.87,0.0,24.0,65536.0,262144.0,1048576.0,1310720.0,5.0,0.4450287378176643,0.8333333333333334,179.09364112238458,143.27491289790768
5.791997102544786e-06,0.0,0.0,0.0,0.0,1024.0,0.0,512.0,0.0,0.0,16.0,0.51,0.11,0.51,2048.0,146720.0,10240.0,0.11,48.0,0.01,24.6,0.0,24.0,512.0,2048.0,8192.0,10240.0,5.0,0.0697928026172301,1.0,1.6465379721741251,1.3172303777393002
5.7599989640734e-06,0.0,0.0,0.0,0.0,4096.0,0.0,2048.0,0.0,0.0,64.0,0.7,0.23,0.7,8320.0,209952.0,40960.0,0.43,192.0,0.03,24.3,0.0,24.0,2048.0,8192.0,32768.0,40960.0,4.923076923076923,0.1950922115531169,1.0,6.622739499465627,5.298191599572502
5.856003205416833e-06,0.0,0.0,0.0,0.0,16384.0,0.0,8192.0,0.0,0.0,256.0,1.66,0.72,2.11,32896.0,490848.0,163840.0,1.72,768.0,0.12,24.56,0.0,24.0,8192.0,32768.0,131072.0,163840.0,4.980544747081712,0.333789686420236,1.0,26.05666104893102,20.845328839144816
6.367998206573364e-06,0.0,0.0,0.0,0.0,65536.0,0.0,32768.0,0.0,0.0,1024.0,4.86,2.53,6.86,131200.0,1550304.0,786432.0,6.39,3072.0,0.43,24.51,0.0,24.0,32768.0,131072.0,524288.0,655360.0,4.995121951219512,0.42272999360125496,0.8333333333333334,95.84669195885841,76.67735356708673
7.327998601150219e-06,0.0,0.0,0.0,0.0,262144.0,0.0,131072.0,0.0,0.0,4096.0,15.04,8.47,21.25,524416.0,5670848.0,3145728.0,21.21,12288.0,1.47,53.21,0.0,24.0,131072.0,524288.0,2097152.0,2621440.0,4.998779594825482,0.4622659609285948,0.8333333333333334,333.1613968398945,266.5291174719156
6.047996851903924e-06,0.0,0.0,0.0,0.0,2048.0,0.0,1024.0,0.0,0.0,32.0,0.54,0.14,0.54,4224.0,167904.0,20480.0,0.21,96.0,0.01,24.01,0.0,24.0,1024.0,4096.0,16384.0,20480.0,4.848484848484849,0.12197446159710311,1.0,3.1536865503031173,2.522949240242494
5.631999663014242e-06,0.0,0.0,0.0,0.0,8192.0,0.0,4096.0,0.0,0.0,128.0,1.01,0.39,1.01,16384.0,302240.0,81920.0,0.85,384.0,0.06,24.4,0.0,24.0,4096.0,16384.0,65536.0,81920.0,5.0,0.2710428798305982,1.0,13.546510986768693,10.837208789414953
6.0160029320125705e-06,0.0,0.0,0.0,0.0,32768.0,0.0,16384.0,0.0,0.0,512.0,2.77,1.38,3.65,65664.0,818592.0,327680.0,3.46,1536.0,0.23,24.56,0.0,24.0,16384.0,65536.0,262144.0,327680.0,4.990253411306043,0.4002970955005668,1.0,50.727332532716645,40.581866026173316
6.75200253686274e-06,0.0,0.0,0.0,0.0,131072.0,0.0,65536.0,0.0,0.0,2048.0,8.7,4.78,12.39,262272.0,2913760.0,1572864.0,12.13,6144.0,0.82,28.88,0.0,24.0,65536.0,262144.0,1048576.0,1310720.0,4.997559785261103,0.4498380099939597,0.8333333333333334,180.79127167614917,144.63301734091934
1.0079995909576825e-05,0.0,0.0,0.0,0.0,524288.0,0.0,262144.0,0.0,0.0,8192.0,20.69,12.07,28.53,1048576.0,11053600.0,6291456.0,29.69,24576.0,2.08,77.49,0.0,24.0,262144.0,1048576.0,4194304.0,5242880.0,5.0,0.47431425056090326,0.8333333333333334,484.4061985542005,387.52495884336037
3.903998892467268e-06,0.0,0.0,0.0,0.0,1024.0,0.0,512.0,0.0,0.0,16.0,0.68,0.12,0.68,640.0,128608.0,2560.0,0.11,48.0,0.01,24.27,0.0,24.0,512.0,2048.0,8192.0,10240.0,16.0,0.07962179646678279,4.0,2.442814003473096,1.9542512027784766
5.728003135628893e-06,0.0,0.0,0.0,0.0,1024.0,0.0,512.0,0.0,0.0,16.0,0.49,0.11,0.49,2176.0,146368.0,10240.0,0.11,48.0,0.01,24.66,0.0,24.0,512.0,2048.0,8192.0,10240.0,4.705882352941177,0.069960647135986,1.0,1.6649333001832296,1.3319466401465836
5.791995711377429e-06,0.0,0.0,0.0,0.0,4096.0,0.0,2048.0,0.0,0.0,64.0,0.74,0.23,0.74,8192.0,216672.0,40960.0,0.44,192.0,0.03,24.68,0.0,24.0,2048.0,8192.0,32768.0,40960.0,5.0,0.18904150051691035,1.0,6.586153470610571,5.2689227764884565
5.855998581975511e-06,0.0,0.0,0.0,0.0,16384.0,0.0,8192.0,0.0,0.0,256.0,1.66,0.74,2.01,32896.0,493440.0,196608.0,1.72,768.0,0.12,24.25,0.0,24.0,8192.0,32768.0,131072.0,163840.0,4.980544747081712,0.3320363164721141,0.8333333333333334,26.05668162124533,20.84534529699626
6.079998928993442e-06,0.0,0.0,0.0,0.0,65536.0,0.0,32768.0,0.0,0.0,1024.0,5.02,2.6,6.98,131200.0,1535936.0,786432.0,6.66,3072.0,0.45,24.56,0.0,24.0,32768.0,131072.0,524288.0,655360.0,4.995121951219512,0.42668444518521603,0.8333333333333334,100.38678783139936,80.30943026511949
4.703998109295112e-06,0.0,0.0,0.0,0.0,1024.0,0.0,512.0,0.0,0.0,16.0,0.6,0.11,0.6,1152.0,133920.0,5120.0,0.11,48.0,0.01,24.43,0.0,24.0,512.0,2048.0,8192.0,10240.0,8.88888888888889,0.07646356033452807,2.0,2.027369684783221,1.621895747826577
6.048000358989027e-06,0.0,0.0,0.0,0.0,2048.0,0.0,1024.0,0.0,0.0,32.0,0.55,0.14,0.55,4224.0,165600.0,20480.0,0.21,96.0,0.01,24.68,0.0,24.0,1024.0,4096.0,16384.0,20480.0,4.848484848484849,0.12367149758454106,1.0,3.1536847215586623,2.5229477772469298
5.792004258026733e-06,0.0,0.0,0.0,0.0,8192.0,0.0,4096.0,0.0,0.0,128.0,1.06,0.4,1.14,16512.0,310656.0,81920.0,0.87,384.0,0.06,24.5,0.0,24.0,4096.0,16384.0,65536.0,81920.0,4.961240310077519,0.26370004120313145,1.0,13.172287504238204,10.537830003390562
6.144003132641784e-06,0.0,0.0,0.0,0.0,32768.0,0.0,16384.0,0.0,0.0,512.0,2.57,1.29,3.33,65664.0,817440.0,393216.0,3.21,1536.0,0.22,24.3,0.0,24.0,16384.0,65536.0,262144.0,327680.0,4.990253411306043,0.4008612252887062,0.8333333333333334,49.6705119873175,39.736409589854
6.399996569030455e-06,0.0,0.0,0.0,0.0,131072.0,0.0,65536.0,0.0,0.0,2048.0,8.65,4.75,12.38,262272.0,2902784.0,1572864.0,12.12,6144.0,0.82,28.98,0.0,24.0,65536.0,262144.0,1048576.0,1310720.0,4.997559785261103,0.4515389364141459,0.8333333333333334,190.7349655321653,152.58797242573223
5.18399629573436e-06,0.0,0.0,0.0,0.0,1024.0,0.0,512.0,0.0,0.0,16.0,0.56,0.13,0.56,2048.0,139616.0,10240.0,0.13,48.0,0.01,24.53,0.0,24.0,512.0,2048.0,8192.0,10240.0,5.0,0.07334402933761174,1.0,1.839650844640801,1.4717206757126409
5.503996733494294e-06,0.0,0.0,0.0,0.0,4096.0,0.0,2048.0,0.0,0.0,64.0,0.7,0.22,0.7,8320.0,212640.0,40960.0,0.42,192.0,0.03,24.6,0.0,24.0,2048.0,8192.0,32768.0,40960.0,4.923076923076923,0.1926260346124906,1.0,6.930776761568285,5.544621409254628
5.9519992797240365e-06,0.0,0.0,0.0,0.0,16384.0,0.0,8192.0,0.0,0.0,256.0,1.54,0.72,1.68,32896.0,457696.0,163840.0,1.72,768.0,0.12,24.57,0.0,24.0,8192.0,32768.0,131072.0,163840.0,4.980544747081712,0.35796686009927986,1.0,25.63640945737391,20.509127565899128
6.207997110770144e-06,0.0,0.0,0.0,0.0,65536.0,0.0,32768.0,0.0,0.0,1024.0,4.91,2.61,6.87,131200.0,1513056.0,786432.0,6.6,3072.0,0.45,24.47,0.0,24.0,32768.0,131072.0,524288.0,655360.0,4.995121951219512,0.4331366453059239,0.8333333333333334,98.31698559284312,78.6535884742745
7.424003522079646e-06,0.0,0.0,0.0,0.0,262144.0,0.0,131072.0,0.0,0.0,4096.0,14.89,8.41,20.94,524288.0,5657440.0,3145728.0,21.09,12288.0,1.46,53.06,0.0,24.0,131072.0,524288.0,2097152.0,2621440.0,5.0,0.46336152040498885,0.8333333333333334,328.8530565400516,263.08244523204127
5.663995614029807e-06,0.0,0.0,0.0,0.0,2048.0,0.0,1024.0,0.0,0.0,32.0,0.56,0.14,0.56,4224.0,167456.0,20480.0,0.21,96.0,0.01,24.7,0.0,24.0,1024.0,4096.0,16384.0,20480.0,4.848484848484849,0.12230078348939423,1.0,3.367496662758649,2.693997330206919
5.759999999974951e-06,0.0,0.0,0.0,0.0,8192.0,0.0,4096.0,0.0,0.0,128.0,0.99,0.41,0.99,16512.0,282848.0,81920.0,0.89,384.0,0.06,24.5,0.0,24.0,4096.0,16384.0,65536.0,81920.0,4.961240310077519,0.28962552324923635,1.0,13.245476616811075,10.596381293448859
6.239997531853585e-06,0.0,0.0,0.0,0.0,32768.0,0.0,16384.0,0.0,0.0,512.0,2.65,1.28,3.54,65664.0,842272.0,327680.0,3.2,1536.0,0.22,24.5,0.0,24.0,16384.0,65536.0,262144.0,327680.0,4.990253411306043,0.3890429694920406,1.0,48.9063945445741,39.12511563565928
6.592003218967018e-06,0.0,0.0,0.0,0.0,131072.0,0.0,65536.0,0.0,0.0,2048.0,8.79,4.83,12.61,262144.0,2901600.0,1572864.0,12.26,6144.0,0.83,28.78,0.0,24.0,65536.0,262144.0,1048576.0,1310720.0,5.0,0.4517231872070582,0.8333333333333334,185.1793884881153,148.14351079049223
9.919999323884574e-06,0.0,0.0,0.0,0.0,524288.0,0.0,262144.0,0.0,0.0,8192.0,20.84,12.15,28.8,1048704.0,11014400.0,6291456.0,29.92,24576.0,2.09,77.42,0.0,24.0,262144.0,1048576.0,4194304.0,5242880.0,4.999389722934212,0.4760023242300988,0.8333333333333334,492.2190355642019,393.7752284513615
5.952002189398559e-06,0.0,0.0,0.0,0.0,4096.0,0.0,2048.0,0.0,0.0,64.0,0.71,0.23,0.71,8192.0,207392.0,40960.0,0.43,192.0,0.03,24.48,0.0,24.0,2048.0,8192.0,32768.0,40960.0,5.0,0.1975003857429409,1.0,6.409099231212598,5.127279384970078
5.888003198504408e-06,0.0,0.0,0.0,0.0,16384.0,0.0,8192.0,0.0,0.0,256.0,1.59,0.72,1.87,32896.0,474656.0,163840.0,1.71,768.0,0.12,24.58,0.0,24.0,8192.0,32768.0,131072.0,163840.0,4.980544747081712,0.3451762960965415,1.0,25.915048868138918,20.732039094511133
6.112004706471244e-06,0.0,0.0,0.0,0.0,65536.0,0.0,32768.0,0.0,0.0,1024.0,4.96,2.67,6.89,131200.0,1504160.0,655360.0,6.72,3072.0,0.45,24.45,0.0,24.0,32768.0,131072.0,524288.0,655360.0,4.995121951219512,0.4356983299648973,1.0,99.86110806717383,79.88888645373906
7.423995784397398e-06,0.0,0.0,0.0,0.0,262144.0,0.0,131072.0,0.0,0.0,4096.0,14.94,8.4,20.99,524416.0,5684352.0,3145728.0,21.03,12288.0,1.45,53.29,0.0,24.0,131072.0,524288.0,2097152.0,2621440.0,4.998779594825482,0.4611677813055912,0.8333333333333334,328.85339928815273,263.08271943052216
1.3791998333107454e-05,0.0,0.0,0.0,0.0,1048576.0,0.0,524288.0,0.0,0.0,16384.0,28.94,17.25,40.18,2097152.0,21667168.0,12582912.0,41.9,49152.0,2.97,81.24,0.0,24.0,524288.0,2097152.0,8388608.0,10485760.0,5.0,0.48394695605812443,0.8333333333333334,708.0645432328531,566.4516345862825
